timestamp,open,high,low,close,volume,symbol
2022-11-28 12:30:18.395746,185.0,189.904422969442,183.53992168612865,187.10896778596464,15480986.758494131,خودرو
2022-11-29 12:30:18.395746,187.10896778596464,189.6890020491137,180.82524878901663,183.19489072383118,17443060.669731576,خودرو
2022-11-30 12:30:18.395746,183.19489072383118,184.09549627280043,178.6409125511989,180.6749304099087,13147493.582240405,خودرو
2022-12-01 12:30:18.395746,180.6749304099087,186.36064933305644,179.18592470416598,184.89220232760505,21497400.156416554,خودرو
2022-12-02 12:30:18.395746,184.89220232760505,185.96769957063682,183.3595094445779,185.38978849528905,21024855.399219684,خودرو
2022-12-05 12:30:18.395746,185.38978849528905,185.9429147243278,177.78319179415723,180.10228783807486,16771798.60015182,خودرو
2022-12-06 12:30:18.395746,180.10228783807486,182.2619338551514,176.57512882833518,177.87709116009506,15439731.996947894,خودرو
2022-12-07 12:30:18.395746,177.87709116009506,178.72060317269728,170.9288812537045,172.86478260422993,15567046.338232279,خودرو
2022-12-08 12:30:18.395746,172.86478260422993,175.23201059187554,172.2324947957302,174.94662735135483,19998300.135812145,خودرو
2022-12-09 12:30:18.395746,174.94662735135483,179.32396606861806,173.11077740052366,177.71522046977313,22148798.95602314,خودرو
2022-12-12 12:30:18.395746,177.71522046977313,180.29968664355596,172.47853313666005,174.9783850680646,15292282.642061124,خودرو
2022-12-13 12:30:18.395746,174.9783850680646,175.74356068201598,170.92234137942057,171.12773753301758,16580606.150198776,خودرو
2022-12-14 12:30:18.395746,171.12773753301758,173.403872935987,165.53898850390306,167.5948742738997,17552369.491683606,خودرو
2022-12-15 12:30:18.395746,167.5948742738997,172.34317755414568,167.59326454578715,170.38115745319467,20305284.034429632,خودرو
2022-12-16 12:30:18.395746,170.38115745319467,175.5848518233717,168.42576144962058,173.1027451044106,20458521.113989055,خودرو
2022-12-19 12:30:18.395746,173.1027451044106,174.17773517432767,171.69415753256416,172.50528289270179,12501604.622235958,خودرو
2022-12-20 12:30:18.395746,172.50528289270179,174.6663428740879,169.29946686904822,170.61060930980122,16675659.729918698,خودرو
2022-12-21 12:30:18.395746,170.61060930980122,170.89824992705647,166.22254652803576,166.41519924283247,15074094.792173449,خودرو
2022-12-22 12:30:18.395746,166.41519924283247,167.2223304417319,165.0161391848448,165.34716916844658,17298713.335398905,خودرو
2022-12-23 12:30:18.395746,165.34716916844658,168.15728695887051,163.2096511090792,166.9838259129273,21949963.948035203,خودرو
2022-12-26 12:30:18.395746,166.9838259129273,167.84749652185906,165.31280060845785,167.28715481198205,13419138.958989713,خودرو
2022-12-27 12:30:18.395746,167.28715481198205,169.33299943934455,163.57006736903773,164.98161334877798,12801953.086075969,خودرو
2022-12-28 12:30:18.395746,164.98161334877798,166.2803881281126,164.88350290969183,165.90796431370546,16183730.781807218,خودرو
2022-12-29 12:30:18.395746,165.90796431370546,168.39345708508867,163.25218347073735,163.40458059236448,21795125.56957935,خودرو
2022-12-30 12:30:18.395746,163.40458059236448,165.42288069836366,162.2644867580157,163.02275154683736,23062836.779959824,خودرو
2023-01-02 12:30:18.395746,163.02275154683736,168.39763341596043,161.25112966651372,166.10160738277375,14254955.4708357,خودرو
2023-01-03 12:30:18.395746,166.10160738277375,166.80554954471282,161.38979533448014,162.92825133039813,14120442.82042135,خودرو
2023-01-04 12:30:18.395746,162.92825133039813,164.83306832531812,159.29424304177886,161.22980328905876,12439492.96465655,خودرو
2023-01-05 12:30:18.395746,161.22980328905876,163.8169245908032,159.01171328049992,162.84254633992504,19191535.308512807,خودرو
2023-01-06 12:30:18.395746,162.84254633992504,165.48874340074718,161.49123911289826,164.58833481340184,19854962.43766013,خودرو
2023-01-09 12:30:18.395746,164.58833481340184,165.75812078069248,161.92104425174495,163.5828664592184,12548702.741336549,خودرو
2023-01-10 12:30:18.395746,163.5828664592184,166.58235035743044,162.78421279788432,164.46804543422726,17466713.41163353,خودرو
2023-01-11 12:30:18.395746,164.46804543422726,166.59484055543717,162.94124980466313,165.55562430394892,12664306.036602082,خودرو
2023-01-12 12:30:18.395746,165.55562430394892,166.77664777949832,163.6158061381483,164.25565298540684,20174744.942079283,خودرو
2023-01-13 12:30:18.395746,164.25565298540684,166.69083633612766,160.49150520289697,161.7097199885306,23017435.323012516,خودرو
2023-01-16 12:30:18.395746,161.7097199885306,164.5420797644799,161.6909655280458,162.55870128075236,13759002.607155979,خودرو
2023-01-17 12:30:18.395746,162.55870128075236,164.16166874726105,158.78533465971535,159.83352010553955,15424844.269848622,خودرو
2023-01-18 12:30:18.395746,159.83352010553955,161.2987067678773,154.0849668956198,156.05782598831755,17256771.67620834,خودرو
2023-01-19 12:30:18.395746,156.05782598831755,159.58794225933215,153.9258302287355,157.9263671840492,15657358.86062268,خودرو
2023-01-20 12:30:18.395746,157.9263671840492,158.8896613098206,157.19462995167726,157.96518472858008,22822571.596627887,خودرو
2023-01-23 12:30:18.395746,157.96518472858008,159.58933273285493,156.57225454003188,158.26656332862626,15761123.548185403,خودرو
2023-01-24 12:30:18.395746,158.26656332862626,160.2068581534421,154.10872669448617,154.91736532797145,12748835.219131041,خودرو
2023-01-25 12:30:18.395746,165.66065802466835,169.6816015109573,164.76292697642185,168.57701356244493,38383285.46776329,خودرو
2023-01-26 12:30:18.395746,168.57701356244493,170.96521837398788,166.94087437291992,169.60640819094428,21295137.941273212,خودرو
2023-01-27 12:30:18.395746,169.60640819094428,171.21482839761777,164.29958845709615,166.00967135365406,15619424.712125061,خودرو
2023-01-30 12:30:18.395746,166.00967135365406,168.67979816191047,165.76359671491397,168.58403866979052,12580882.702099685,خودرو
2023-01-31 12:30:18.395746,168.58403866979052,170.80538047049748,167.5451467092196,169.301873160243,17303535.366447713,خودرو
2023-02-01 12:30:18.395746,169.301873160243,169.88606220444257,165.01818004877993,166.83952718468382,13035283.049339637,خودرو
2023-02-02 12:30:18.395746,166.83952718468382,168.10629371448644,163.35599698226895,163.9406671112917,20922450.144343507,خودرو
2023-02-03 12:30:18.395746,163.9406671112917,164.8107412750331,162.0798996380889,163.16721467501807,21587402.971278436,خودرو
2023-02-06 12:30:18.395746,163.16721467501807,164.2915983229845,157.1782998195416,158.75226167851375,17629300.708788734,خودرو
2023-02-07 12:30:18.395746,158.75226167851375,162.13750253955786,157.24457647935716,161.58206586879376,16953476.68810918,خودرو
2023-02-08 12:30:18.395746,161.58206586879376,162.66803740327728,158.35757066821628,158.74755751447753,14046372.005104782,خودرو
2023-02-09 12:30:18.395746,158.74755751447753,159.68568654880573,158.0828469384083,159.53949413102134,15894799.983231973,خودرو
2023-02-10 12:30:18.395746,159.53949413102134,163.6020914444756,157.72377113167238,161.33529228505844,22525159.89354817,خودرو
2023-02-13 12:30:18.395746,161.33529228505844,162.33585683654886,158.55892460717513,158.98742004122158,13131287.385923946,خودرو
2023-02-14 12:30:18.395746,158.98742004122158,162.17835092625054,157.74659292238783,161.50511035860708,13210731.366608452,خودرو
2023-02-15 12:30:18.395746,161.50511035860708,163.50167319116395,160.14955898324325,162.43450964801278,14291867.165600682,خودرو
2023-02-16 12:30:18.395746,162.43450964801278,163.64946263692428,157.57707840384842,157.95502635857707,16457871.334493851,خودرو
2023-02-17 12:30:18.395746,157.95502635857707,161.7600697000942,156.67915745905393,160.24350682876872,22101140.321333542,خودرو
2023-02-20 12:30:18.395746,160.24350682876872,164.16460618329677,159.04627754748228,163.00996391299822,17265466.09812612,خودرو
2023-02-21 12:30:18.395746,163.00996391299822,164.418623657312,159.50901651728918,160.43208371587218,17179525.17031704,خودرو
2023-02-22 12:30:18.395746,160.43208371587218,161.6044037958405,154.1785908759858,156.06415513765856,16486456.957162865,خودرو
2023-02-23 12:30:18.395746,156.06415513765856,156.47247541710192,154.24454261402266,155.11970233419854,20155065.582563356,خودرو
2023-02-24 12:30:18.395746,155.11970233419854,155.24347186388755,153.44057173394773,154.41887186881857,18812751.509695787,خودرو
2023-02-27 12:30:18.395746,154.41887186881857,155.42168329988417,150.80305523012558,152.4159909917187,13912741.09780044,خودرو
2023-02-28 12:30:18.395746,152.4159909917187,153.89582919385043,150.90071558959977,152.03012043250502,16917078.54507149,خودرو
2023-03-01 12:30:18.395746,152.03012043250502,158.36683205639204,151.15496543487842,156.29546717974986,14976731.768085636,خودرو
2023-03-02 12:30:18.395746,156.29546717974986,158.23261585577652,154.2644989990058,156.74895261924797,18698550.648272246,خودرو
2023-03-03 12:30:18.395746,156.74895261924797,157.12766111062493,153.59961830003894,155.78065195678673,21199034.39406481,خودرو
2023-03-06 12:30:18.395746,155.78065195678673,156.34687293978132,152.3415963964464,153.68485113940216,16791243.12727985,خودرو
2023-03-07 12:30:18.395746,153.68485113940216,156.10041686762284,152.053558088707,154.9587154821858,12207554.243412087,خودرو
2023-03-08 12:30:18.395746,154.9587154821858,156.981344163443,153.90252151102922,155.44084451164622,17718640.214395564,خودرو
2023-03-09 12:30:18.395746,155.44084451164622,155.49446664230283,153.14775186512176,155.20368128961655,16856739.693901267,خودرو
2023-03-10 12:30:18.395746,155.20368128961655,160.44212559026482,153.51957697653756,158.3660628312643,22645005.151601486,خودرو
2023-03-13 12:30:18.395746,158.3660628312643,162.76133522097265,157.583981564012,162.0318078500103,13017546.447170053,خودرو
2023-03-14 12:30:18.395746,162.0318078500103,163.62466487190738,158.60577112929772,160.50426670602363,15031078.874057945,خودرو
2023-03-15 12:30:18.395746,160.50426670602363,160.75756231393547,154.44301285149578,156.75409416222058,12560764.976928437,خودرو
2023-03-16 12:30:18.395746,156.75409416222058,161.52221502075662,154.88777001128656,160.07495773813574,20365450.23779186,خودرو
2023-03-17 12:30:18.395746,160.07495773813574,165.04737167458924,158.10848576633737,162.94234057409906,18746179.64039065,خودرو
2023-03-20 12:30:18.395746,162.94234057409906,164.75215900736072,156.7947596607232,159.11942517113815,13855563.680881161,خودرو
2023-03-21 12:30:18.395746,159.11942517113815,159.2112176894781,157.38173831467466,157.76047526065238,15432984.116168022,خودرو
2023-03-22 12:30:18.395746,157.76047526065238,159.0478730473444,155.73835588767344,156.23042943065175,13857657.810601497,خودرو
2023-03-23 12:30:18.395746,156.23042943065175,159.587657833908,153.9423505467036,158.8631264479185,17189607.169112142,خودرو
2023-03-24 12:30:18.395746,158.8631264479185,161.18330098537353,157.50396724559997,160.7335417174835,18774113.556194186,خودرو
2023-03-27 12:30:18.395746,160.7335417174835,162.59454183901337,158.40889619604712,162.3667731339515,13909710.951210147,خودرو
2023-03-28 12:30:18.395746,162.3667731339515,167.01255444111558,161.13417000763607,165.38057274905498,15840076.643736018,خودرو
2023-03-29 12:30:18.395746,165.38057274905498,166.41737293988993,162.04544634016614,162.21582874357364,14883543.677534102,خودرو
2023-03-30 12:30:18.395746,162.21582874357364,166.4384434169432,161.14858740513736,164.14234603565004,16005875.710362855,خودرو
2023-03-31 12:30:18.395746,164.14234603565004,164.50670521952952,161.06704092870976,163.09691132027012,22080537.304738235,خودرو
2023-04-03 12:30:18.395746,163.09691132027012,165.19912717940127,161.08024252943196,163.8638653258611,13666688.516588273,خودرو
2023-04-04 12:30:18.395746,163.8638653258611,168.78571794789892,162.98064432658774,168.3526070370284,17326054.144218113,خودرو
2023-04-05 12:30:18.395746,168.3526070370284,169.97921649017107,163.29466971661586,165.51333406274097,16542780.049027327,خودرو
2023-04-06 12:30:18.395746,165.51333406274097,168.3109007469461,163.5536615584721,166.93896139052,20327083.700397547,خودرو
2023-04-07 12:30:18.395746,166.93896139052,170.23957021674514,165.78600974107889,170.12218952145616,16912436.43871689,خودرو
2023-04-10 12:30:18.395746,170.12218952145616,174.32037809412338,169.3685703592434,172.65015869789596,12203552.445389092,خودرو
2023-04-11 12:30:18.395746,172.65015869789596,173.59604705751502,168.84513322172845,169.73870235234497,12259938.039261494,خودرو
2023-04-12 12:30:18.395746,169.73870235234497,174.48809194102435,167.5665675013016,173.8064115745426,17752059.43241797,خودرو
2023-04-13 12:30:18.395746,173.8064115745426,175.09549232500174,169.06271708882863,171.2592719946897,19445185.788420856,خودرو
2023-04-14 12:30:18.395746,171.2592719946897,171.98188050150864,168.3062521709429,168.88706825753232,18291167.46896342,خودرو
2023-04-17 12:30:18.395746,168.88706825753232,172.30680945475086,168.0651110638529,170.11361833719835,16640186.743266324,خودرو
2023-04-18 12:30:18.395746,170.11361833719835,170.50924582029523,168.39417416071063,168.88824625793012,15829018.932344863,خودرو
2023-04-19 12:30:18.395746,168.88824625793012,171.66655855116647,167.03198095745728,171.35035457698518,17090471.795851287,خودرو
2023-04-20 12:30:18.395746,171.35035457698518,176.3745124476052,170.6283188892216,175.88973373182725,21364045.017107293,خودرو
2023-04-21 12:30:18.395746,175.88973373182725,178.17851004549388,171.69998191058684,172.44388194021806,18435940.825170238,خودرو
2023-04-24 12:30:18.395746,172.44388194021806,173.1661864927024,167.59885115633364,169.94211651536486,16676731.763510196,خودرو
2023-04-25 12:30:18.395746,169.94211651536486,172.70980550460496,167.47807830502586,170.48734767211232,15568795.32775579,خودرو
2023-04-26 12:30:18.395746,170.48734767211232,172.13412473933343,164.8622475160728,167.31015205130706,14196403.196314823,خودرو
2023-04-27 12:30:18.395746,167.31015205130706,171.84876446351885,165.80996775420408,171.62546067116568,16501858.868722059,خودرو
2023-04-28 12:30:18.395746,171.62546067116568,174.8395575975954,169.30357937791786,174.60884953061904,17361059.069410875,خودرو
2023-05-01 12:30:18.395746,174.60884953061904,176.92739728283087,170.00136113834282,172.03868552085078,14015545.738207929,خودرو
2023-05-02 12:30:18.395746,172.03868552085078,172.1755798109035,168.033811587352,169.94670280995825,17708329.707739804,خودرو
2023-05-03 12:30:18.395746,169.94670280995825,172.85177298795344,169.67739809262486,172.54211332737782,15992741.279938966,خودرو
2023-05-04 12:30:18.395746,172.54211332737782,172.71828216022857,169.7816348410897,171.83940104024424,22544776.14586397,خودرو
2023-05-05 12:30:18.395746,171.83940104024424,178.19994974145766,169.52148486541017,176.69240723911201,16854531.046150398,خودرو
2023-05-08 12:30:18.395746,176.69240723911201,181.1621273015483,176.29999021657767,179.900852533092,15796588.147341402,خودرو
2023-05-09 12:30:18.395746,179.900852533092,181.59455449662673,176.16300665796228,176.57249365638492,13508491.63262267,خودرو
2023-05-10 12:30:18.395746,176.57249365638492,181.49118551562245,174.10681198060033,180.0969469693268,14277734.370119864,خودرو
2023-05-11 12:30:18.395746,180.0969469693268,184.76224287754118,177.87689488242577,183.5513937310027,17652244.619873736,خودرو
2023-05-12 12:30:18.395746,183.5513937310027,184.11985213421013,178.36792592483474,180.56851448593045,18596751.472473208,خودرو
2023-05-15 12:30:18.395746,174.5410353214371,174.7549249841453,173.53077402725276,173.55260937718123,28591187.606937315,خودرو
2023-05-16 12:30:18.395746,173.55260937718123,174.8808780485313,171.0016263751546,171.73294997602784,17652444.228805635,خودرو
2023-05-17 12:30:18.395746,171.73294997602784,172.36916391859143,167.24958536389934,168.9531055297244,13993020.042921508,خودرو
2023-05-18 12:30:18.395746,168.9531055297244,171.22401531109026,166.04547396640842,167.68756286727336,22329504.15473168,خودرو
2023-05-19 12:30:18.395746,167.68756286727336,170.91421492713184,165.96163681142545,170.43118273240623,19456013.722021256,خودرو
2023-05-22 12:30:18.395746,170.43118273240623,172.83708884393533,169.3713718050699,172.13397832984387,12128557.776648032,خودرو
2023-05-23 12:30:18.395746,172.13397832984387,173.30734256367273,171.7453011220626,172.4165623963133,15541862.474669747,خودرو
2023-05-24 12:30:18.395746,172.4165623963133,176.3037829083552,171.83821003593795,174.94713726952372,16080574.78365761,خودرو
2023-05-25 12:30:18.395746,174.94713726952372,179.26524135590546,173.44670743983963,178.7089588180983,16363365.22479704,خودرو
2023-05-26 12:30:18.395746,178.7089588180983,180.50826802901761,174.11493161093475,176.33487994270902,22313140.41641175,خودرو
2023-05-29 12:30:18.395746,176.33487994270902,177.00770973466848,171.95609161459572,173.77096286183564,15029471.978890724,خودرو
2023-05-30 12:30:18.395746,173.77096286183564,175.19290751155597,171.84898968141624,174.78027241638182,16171962.30153929,خودرو
2023-05-31 12:30:18.395746,174.78027241638182,176.25147768501674,169.74605128648244,172.12579834524664,13143272.502523474,خودرو
2023-06-01 12:30:18.395746,172.12579834524664,176.21914598509835,170.09458965208972,173.7204597737346,18453715.084231537,خودرو
2023-06-02 12:30:18.395746,173.7204597737346,176.30166648711068,171.2987015920343,173.1921121055664,22840318.563795395,خودرو
2023-06-05 12:30:18.395746,173.1921121055664,175.68451005631047,171.79063862135712,174.0937516907249,17500414.582167782,خودرو
2023-06-06 12:30:18.395746,174.0937516907249,175.63269067089084,170.56359160602796,170.98421507876574,15812357.699341167,خودرو
2023-06-07 12:30:18.395746,170.98421507876574,175.7166826834458,169.7327637315938,174.20326756593963,16079429.739530506,خودرو
2023-06-08 12:30:18.395746,174.20326756593963,176.627029573261,172.86497579025922,173.44536019561582,22460793.124222092,خودرو
2023-06-09 12:30:18.395746,173.44536019561582,175.20602469492655,173.23195845980686,175.08381725100256,16421290.789221533,خودرو
2023-06-12 12:30:18.395746,175.08381725100256,181.56397358679283,174.30462380453216,179.5853385111332,17750640.312553138,خودرو
2023-06-13 12:30:18.395746,179.5853385111332,181.28515890530616,175.31149859309787,176.93814100639517,14150071.445302775,خودرو
2023-06-14 12:30:18.395746,176.93814100639517,179.77216922720535,175.0516493465074,177.1221218143304,12765734.119412173,خودرو
2023-06-15 12:30:18.395746,177.1221218143304,178.8037100431648,174.4819763697617,177.81225379853814,19311556.07579093,خودرو
2023-06-16 12:30:18.395746,177.81225379853814,179.00542150911502,175.02741760559124,177.64831082804494,17155310.55531908,خودرو
2023-06-19 12:30:18.395746,177.64831082804494,178.03344493200134,176.97228639104742,177.35111709700578,16113797.16991033,خودرو
2023-06-20 12:30:18.395746,177.35111709700578,182.3951716007011,176.28466591424387,179.72276051335618,17341407.402763773,خودرو
2023-06-21 12:30:18.395746,179.72276051335618,180.02441424061053,178.3948304165195,178.737306352631,14331981.173011854,خودرو
2023-06-22 12:30:18.395746,178.737306352631,179.9298625821974,177.08949948655817,178.2720488302496,18900802.986495905,خودرو
2023-06-23 12:30:18.395746,178.2720488302496,179.41807425780993,174.75089689059038,176.51796696134224,20968269.853679486,خودرو
2023-06-26 12:30:18.395746,176.51796696134224,179.11099610629753,175.5061709546155,176.04039807904363,13806521.657802923,خودرو
2023-06-27 12:30:18.395746,176.04039807904363,181.37087885291504,174.77276544593443,179.2064571629829,15919332.237489631,خودرو
2023-06-28 12:30:18.395746,179.2064571629829,181.5900572987998,176.4188732094697,177.3515343341665,17094178.03377617,خودرو
2023-06-29 12:30:18.395746,177.3515343341665,178.67180576411988,172.61301190597374,173.26629347893757,19144215.989507336,خودرو
2023-06-30 12:30:18.395746,173.26629347893757,174.21147633191296,168.6660646334992,168.74560423027668,23352238.87752665,خودرو
2023-07-03 12:30:18.395746,168.74560423027668,170.91299649564476,168.09475879490992,168.4165915138901,17711336.442593154,خودرو
2023-07-04 12:30:18.395746,168.4165915138901,168.8658354042655,166.6359285681016,168.74103901170386,15492025.602009395,خودرو
2023-07-05 12:30:18.395746,168.74103901170386,174.1156751411091,166.81659190565213,171.88903236867935,12178472.886337686,خودرو
2023-07-06 12:30:18.395746,171.88903236867935,174.19743574297004,167.72262020761426,168.0675726159768,18043159.413079023,خودرو
2023-07-07 12:30:18.395746,168.0675726159768,170.90971912310908,165.8057520578764,170.33482077072577,21010157.01466101,خودرو
2023-07-10 12:30:18.395746,170.33482077072577,170.4440744397206,165.9403781640744,168.31167369592495,15431460.571706781,خودرو
2023-07-11 12:30:18.395746,168.31167369592495,171.47919109057005,167.95854912351072,169.20135541894246,14995418.858918019,خودرو
2023-07-12 12:30:18.395746,169.20135541894246,171.4429714806298,163.69830109841854,164.46665387009165,16197818.184073068,خودرو
2023-07-13 12:30:18.395746,164.46665387009165,168.3454755888339,162.28683652682597,166.05100624825312,18239090.65440246,خودرو
2023-07-14 12:30:18.395746,166.05100624825312,166.48277879831318,163.75790061778014,164.30779014554665,16596596.631715361,خودرو
2023-07-17 12:30:18.395746,164.30779014554665,167.27306041349166,161.86781466773476,165.17988293305694,17186833.64027922,خودرو
2023-07-18 12:30:18.395746,165.17988293305694,170.77998119520325,163.39518955737017,168.91249552518866,15747193.177473422,خودرو
2023-07-19 12:30:18.395746,168.91249552518866,169.56851793744326,167.3439618746337,167.45355441205186,16980717.78594885,خودرو
2023-07-20 12:30:18.395746,167.45355441205186,169.8317249846387,163.74354969843492,165.97992910926607,17479802.835062906,خودرو
2023-07-21 12:30:18.395746,165.97992910926607,168.25295541957993,163.8170531994876,168.20732690225793,19008549.0801277,خودرو
2023-07-24 12:30:18.395746,168.20732690225793,169.50068987328157,167.01868105632755,167.93135135561215,16034967.50161436,خودرو
2023-07-25 12:30:18.395746,167.93135135561215,171.30127359043243,165.6188859684228,170.39111979876031,12207717.292734109,خودرو
2023-07-26 12:30:18.395746,170.39111979876031,174.84256326606697,167.96070301279713,174.74688622877377,14659855.353856942,خودرو
2023-07-27 12:30:18.395746,174.74688622877377,176.43407057967605,174.61180099820393,175.10632727467913,18153799.388792284,خودرو
2023-07-28 12:30:18.395746,175.10632727467913,178.89102452838696,174.2370582587963,176.3894965214412,23214801.936800495,خودرو
2023-07-31 12:30:18.395746,176.3894965214412,180.95762903792294,175.42617280210837,179.6493639861512,17234365.76743954,خودرو
2023-08-01 12:30:18.395746,179.6493639861512,182.458551071934,177.65707090062327,180.85895204855944,12970030.216064135,خودرو
2023-08-02 12:30:18.395746,180.85895204855944,184.0017770798922,179.15787529182066,183.31252398127722,13116134.133857742,خودرو
2023-08-03 12:30:18.395746,183.31252398127722,185.10668872434164,180.43089771239946,181.47916348418133,21528161.632918265,خودرو
2023-08-04 12:30:18.395746,181.47916348418133,183.68208095949157,178.28010586787977,180.57715748434507,19879384.501901563,خودرو
2023-08-07 12:30:18.395746,180.57715748434507,183.84545235750466,177.88671682618332,183.49079931767542,13980003.34352452,خودرو
2023-08-08 12:30:18.395746,183.49079931767542,185.4265815074759,177.51879263292983,180.01854503634442,13858146.398343574,خودرو
2023-08-09 12:30:18.395746,180.01854503634442,180.32848475592817,174.26336339157774,176.736170057509,13185139.253810816,خودرو
2023-08-10 12:30:18.395746,176.736170057509,178.6417004223657,174.61738255984727,174.9938137511085,15677178.059959186,خودرو
2023-08-11 12:30:18.395746,174.9938137511085,175.65776951813157,174.3100218285778,175.23769571623652,19102375.66699183,خودرو
2023-08-14 12:30:18.395746,175.23769571623652,177.6840268116046,174.68480490047418,176.29066246622656,17014209.458553083,خودرو
2023-08-15 12:30:18.395746,182.17181576315352,185.0572044623012,180.528635021748,184.61907518861236,55429491.4160716,خودرو
2023-08-16 12:30:18.395746,184.61907518861236,187.4331115899981,182.22357010303438,186.9195374359144,15175734.71957894,خودرو
2023-08-17 12:30:18.395746,186.9195374359144,188.68399845532718,185.7325645080574,188.12005610958985,16363161.639093034,خودرو
2023-08-18 12:30:18.395746,188.12005610958985,188.3502160291053,183.6796805778436,183.72539392395075,21412353.254597463,خودرو
2023-08-21 12:30:18.395746,183.72539392395075,188.45627847393897,181.80077277388304,187.33206017436916,12097913.211148405,خودرو
2023-08-22 12:30:18.395746,187.33206017436916,187.4241678266978,184.14098255189379,186.8612358953902,13456604.758048164,خودرو
2023-08-23 12:30:18.395746,186.8612358953902,191.10524166750233,184.06512887721394,189.3686574086411,16798879.032953445,خودرو
2023-08-24 12:30:18.395746,189.3686574086411,191.58253876689864,187.09983357519678,187.22516890647756,20380001.04445346,خودرو
2023-08-25 12:30:18.395746,187.22516890647756,188.26124764444648,185.33734954840807,186.4929878713743,16147827.749608919,خودرو
2023-08-28 12:30:18.395746,186.4929878713743,188.10996885409926,183.31499300144722,184.47959173403402,12337312.333248416,خودرو
2023-08-29 12:30:18.395746,184.47959173403402,186.84802268423505,182.43902903417893,185.24802869339763,17104477.27623848,خودرو
2023-08-30 12:30:18.395746,185.24802869339763,187.21082671817774,181.99277801528572,184.02027354504392,16654722.510199593,خودرو
2023-08-31 12:30:18.395746,184.02027354504392,184.39307593322002,179.23443460333655,181.6091947162209,19606410.892527338,خودرو
2023-09-01 12:30:18.395746,181.6091947162209,183.10661613056138,180.85956504833993,182.65326894287512,16668574.225998,خودرو
2023-09-04 12:30:18.395746,182.65326894287512,187.04948819950397,180.7453533722918,185.20800325910392,16612793.447692564,خودرو
2023-09-05 12:30:18.395746,185.20800325910392,186.40651568588189,182.4789934444631,185.48869641161662,13171559.618832557,خودرو
2023-09-06 12:30:18.395746,185.48869641161662,188.90828900187276,184.1337639106586,186.36629671149925,17220407.041617658,خودرو
2023-09-07 12:30:18.395746,186.36629671149925,188.22207623450453,184.47802357764638,184.56673839033593,23283777.75559345,خودرو
2023-09-08 12:30:18.395746,184.56673839033593,186.91960310395987,182.2010549445171,183.88863248967996,19424771.174463898,خودرو
2023-09-11 12:30:18.395746,183.88863248967996,186.08251902130516,182.88848350198356,185.42428805092283,16175956.548855765,خودرو
2023-09-12 12:30:18.395746,185.42428805092283,185.73000549481594,182.261230608651,184.4997423784939,16719169.664654966,خودرو
2023-09-13 12:30:18.395746,184.4997423784939,189.1820816992073,183.50823027664762,187.8302129293817,13022858.330398994,خودرو
2023-09-14 12:30:18.395746,187.8302129293817,191.75529943256674,185.98867382977286,190.75350444042206,16608368.810714995,خودرو
2023-09-15 12:30:18.395746,179.98489212643955,180.3826217990418,175.63531898964865,176.46451072449045,68406657.4978472,خودرو
2023-09-18 12:30:18.395746,176.46451072449045,178.06304909979335,172.89925124853153,174.4148094913445,17090576.79697026,خودرو
2023-09-19 12:30:18.395746,174.4148094913445,179.5870219519522,173.80851511961137,178.1365697141098,15745252.23482327,خودرو
2023-09-20 12:30:18.395746,178.1365697141098,181.6298910818597,177.62550039180954,180.15765651622357,16483691.955737079,خودرو
2023-09-21 12:30:18.395746,180.15765651622357,182.36492974821232,175.71039289745244,177.500428216432,17888493.390367787,خودرو
2023-09-22 12:30:18.395746,177.500428216432,180.08519859204608,170.63190891080743,172.42921056642595,21665853.12629089,خودرو
2023-09-25 12:30:18.395746,172.42921056642595,173.95962782812182,167.22760029923265,169.5760816705575,12974815.184709128,خودرو
2023-09-26 12:30:18.395746,169.5760816705575,173.11779034661132,167.47424474517217,170.7551784122022,14833432.534124503,خودرو
2023-09-27 12:30:18.395746,170.7551784122022,172.97217601878833,167.23792616609342,169.43558431482086,13160633.11812996,خودرو
2023-09-28 12:30:18.395746,169.43558431482086,169.7530665902492,166.91410747082443,168.63080945973067,21517467.47616877,خودرو
2023-09-29 12:30:18.395746,168.63080945973067,173.36871035036492,167.25509636557294,171.51557020888487,19135513.52498098,خودرو
2023-10-02 12:30:18.395746,171.51557020888487,173.4369941197447,166.80914751614645,168.90998255881186,13032303.142380353,خودرو
2023-10-03 12:30:18.395746,168.90998255881186,170.52799044608906,164.5441718334259,164.92498430441364,17197536.23578014,خودرو
2023-10-04 12:30:18.395746,164.92498430441364,166.57144342546604,162.15756063885772,163.09469220039128,14667576.404854305,خودرو
2023-10-05 12:30:18.395746,163.09469220039128,168.97266590810355,161.3150698947171,166.70534254629035,16279097.487853196,خودرو
2023-10-06 12:30:18.395746,166.70534254629035,169.6404591453907,164.69352326030435,167.6367614818706,21918102.12623014,خودرو
2023-10-09 12:30:18.395746,167.6367614818706,169.4245264434243,163.9711025464501,164.49923958804408,15570621.041610193,خودرو
2023-10-10 12:30:18.395746,164.49923958804408,168.60654450043617,163.6399089534296,166.6322243883529,17232912.22504267,خودرو
2023-10-11 12:30:18.395746,166.6322243883529,170.23721770841806,165.54822952532496,169.68688541798903,16289339.613008313,خودرو
2023-10-12 12:30:18.395746,169.68688541798903,170.8348513474385,165.52083376561228,167.85960060297253,19237882.79230566,خودرو
2023-10-13 12:30:18.395746,167.85960060297253,169.40966965314925,165.7390682491965,167.00387835863103,18675229.732109215,خودرو
2023-10-16 12:30:18.395746,167.00387835863103,169.14834529683384,164.34429388182187,164.4672639730425,15249680.296699472,خودرو
2023-10-17 12:30:18.395746,164.4672639730425,169.35777492270793,163.62124279275,167.73723575913638,14588426.132310633,خودرو
2023-10-18 12:30:18.395746,167.73723575913638,168.28095405414928,165.30163901059623,168.09173854538975,14514583.231851825,خودرو
2023-10-19 12:30:18.395746,168.09173854538975,170.03329733222063,164.8743223403316,165.4502373447519,22400191.468042295,خودرو
2023-10-20 12:30:18.395746,165.4502373447519,170.7051754831924,163.7757467929759,168.9634143091624,23377058.299393985,خودرو
2023-10-23 12:30:18.395746,168.9634143091624,176.24824547800966,168.8199191456313,174.20790862650128,13683726.193147305,خودرو
2023-10-24 12:30:18.395746,174.20790862650128,174.2846117635518,169.90733902702877,172.16092580298258,14439525.451922672,خودرو
2023-10-25 12:30:18.395746,172.16092580298258,174.56211546673129,169.10578935368721,170.43301068871722,15051513.417735627,خودرو
2023-10-26 12:30:18.395746,170.43301068871722,170.69984803434843,170.00647564152837,170.19116014136782,17100607.958478533,خودرو
2023-10-27 12:30:18.395746,170.19116014136782,172.58543730303091,169.02681181930555,172.23493779108543,19607972.10373762,خودرو
2023-10-30 12:30:18.395746,172.23493779108543,173.53340304126948,171.4526107124253,172.6677738032771,14173258.371947313,خودرو
2023-10-31 12:30:18.395746,172.6677738032771,174.11822368780753,170.88041104295215,171.12871900060526,12160093.229291454,خودرو
2023-11-01 12:30:18.395746,171.12871900060526,172.27593042956372,170.929466754982,171.86077887505553,16145890.944952678,خودرو
2023-11-02 12:30:18.395746,171.86077887505553,175.0332677031605,171.25197877330993,174.5984111125918,19988956.64058141,خودرو
2023-11-03 12:30:18.395746,174.5984111125918,176.3305971060905,173.04250862191432,174.7947207717031,18961195.17910437,خودرو
2023-11-06 12:30:18.395746,174.7947207717031,176.13746091783167,172.93362830262222,174.94307962167449,12084933.836654566,خودرو
2023-11-07 12:30:18.395746,174.94307962167449,176.02169325693995,172.73516451238874,175.60391585923043,15664841.120589988,خودرو
2023-11-08 12:30:18.395746,175.60391585923043,178.094854121286,169.72589756894226,171.60527139119387,15652297.631661039,خودرو
2023-11-09 12:30:18.395746,171.60527139119387,176.65350191546682,170.47251158260693,175.56454160711283,16180007.846572375,خودرو
2023-11-10 12:30:18.395746,175.56454160711283,179.47219817506735,174.36874807861417,178.66201910889345,18417427.87414593,خودرو
2023-11-13 12:30:18.395746,178.66201910889345,181.373211609225,177.1184284230099,180.75926530654272,13672527.268212678,خودرو
2023-11-14 12:30:18.395746,180.75926530654272,181.55516302545516,178.61409773046415,180.82152802605674,16297636.988027198,خودرو
2023-11-15 12:30:18.395746,173.64714810664913,176.55829252574947,172.5449359712488,176.33328691571714,41374575.57272512,خودرو
2023-11-16 12:30:18.395746,176.33328691571714,178.17763618478017,175.29626769830193,176.12385348009687,21697341.872832924,خودرو
2023-11-17 12:30:18.395746,176.12385348009687,178.6187942437958,173.09433308541892,173.56674082894156,15618329.280310707,خودرو
2023-11-20 12:30:18.395746,173.56674082894156,177.9731287740246,172.4264384555703,175.8393256211463,12803594.224344937,خودرو
2023-11-21 12:30:18.395746,175.8393256211463,179.10905811499606,174.99720726145728,177.30649381062156,14266704.569339696,خودرو
2023-11-22 12:30:18.395746,177.30649381062156,179.51957978834136,175.87397497747835,177.94238543955302,15781040.956329806,خودرو
2023-11-23 12:30:18.395746,177.94238543955302,178.02825431014426,171.9761023658067,174.59493708107271,19632788.786799077,خودرو
2023-11-24 12:30:18.395746,174.59493708107271,180.86035164389133,173.4602515491021,179.19291245113817,18744486.886379063,خودرو
2023-11-27 12:30:18.395746,179.19291245113817,181.40750820275733,176.69031589630194,177.33809956240052,12519348.540602967,خودرو
2023-11-28 12:30:18.395746,177.33809956240052,179.9059474159025,174.12495159977834,174.91453835854105,12941604.915318584,خودرو
2023-11-29 12:30:18.395746,174.91453835854105,176.5418825747,169.95772332443252,171.32108901760995,12679314.432188189,خودرو
2023-11-30 12:30:18.395746,171.32108901760995,173.96848451390832,169.9737763436215,172.7382635487688,21100851.589863244,خودرو
2023-12-01 12:30:18.395746,178.42086951852164,180.06388824278775,173.245454540727,175.3717693105394,69341771.1118109,خودرو
2023-12-04 12:30:18.395746,175.3717693105394,177.78033551720108,169.60439342699792,171.66772896045137,16835374.143109858,خودرو
2023-12-05 12:30:18.395746,171.66772896045137,174.58196225615993,170.76023982101438,172.90718192375803,15989378.842761785,خودرو
2023-12-06 12:30:18.395746,172.90718192375803,175.06832030746992,170.06516608725306,172.31632850066063,16228207.225865366,خودرو
2023-12-07 12:30:18.395746,172.31632850066063,173.00715220305992,169.23052101805845,171.4179729455806,22854339.380509317,خودرو
2023-12-08 12:30:18.395746,171.4179729455806,172.04541985149618,168.71958106753922,168.97950183792022,16104166.396086205,خودرو
2023-12-11 12:30:18.395746,168.97950183792022,169.88451766409176,166.28363557210983,167.85828543679216,14383178.765685562,خودرو
2023-12-12 12:30:18.395746,167.85828543679216,169.41121725802387,167.68038657358508,168.24446279606653,12918798.110829702,خودرو
2023-12-13 12:30:18.395746,168.24446279606653,169.75089997397708,163.9995114346732,165.51029069441756,12747933.60952614,خودرو
2023-12-14 12:30:18.395746,165.51029069441756,166.998698832032,163.680001387136,165.00682014411115,16265970.117341666,خودرو
2023-12-15 12:30:18.395746,165.00682014411115,166.2139459915282,164.15933066576414,164.47585405101546,23329520.218259677,خودرو
2023-12-18 12:30:18.395746,164.47585405101546,167.73521256018867,162.35154128194046,167.22327940847978,12172339.297824625,خودرو
2023-12-19 12:30:18.395746,167.22327940847978,170.95786563031007,165.53014883902355,168.69520746218697,13936035.96145731,خودرو
2023-12-20 12:30:18.395746,168.69520746218697,170.0782373784772,163.33338571627624,165.14278066791584,17552461.770711932,خودرو
2023-12-21 12:30:18.395746,165.14278066791584,167.17454998692506,164.28716159745562,164.62349309570172,23293520.875166666,خودرو
2023-12-22 12:30:18.395746,164.62349309570172,166.69569799064786,163.6204023028867,164.30907397241197,20052311.95928045,خودرو
2023-12-25 12:30:18.395746,164.30907397241197,165.2851572196186,160.7897558518682,163.19184020373984,13109721.116935557,خودرو
2023-12-26 12:30:18.395746,163.19184020373984,163.50477696667133,161.67483276617955,161.82823209698435,17617494.343658105,خودرو
2023-12-27 12:30:18.395746,161.82823209698435,164.05400538092977,156.16801787272087,158.4226296437306,16659533.7101808,خودرو
2023-12-28 12:30:18.395746,158.4226296437306,161.24203643463417,158.26162004527376,160.54602440312541,18040769.77373504,خودرو
2023-12-29 12:30:18.395746,160.54602440312541,160.997412862621,159.09103765506558,160.45194742766776,18918228.651473213,خودرو
2024-01-01 12:30:18.395746,160.45194742766776,160.66492433720381,157.6988248737201,158.26843124573756,16936109.739601307,خودرو
2024-01-02 12:30:18.395746,158.26843124573756,160.61813224130964,156.60842516650442,159.89543366141513,17991928.32632202,خودرو
2024-01-03 12:30:18.395746,159.89543366141513,161.14800865175582,155.0239050653809,156.15119991014905,14040321.839668868,خودرو
2024-01-04 12:30:18.395746,156.15119991014905,159.83916007695657,154.1922859887251,157.49582656174394,19488757.268333673,خودرو
2024-01-05 12:30:18.395746,157.49582656174394,158.38290061778585,152.17832099261182,152.65113128331143,20252289.113337282,خودرو
2024-01-08 12:30:18.395746,152.65113128331143,152.74418341012887,151.75705431452326,151.86241479258544,16456182.632462772,خودرو
2024-01-09 12:30:18.395746,151.86241479258544,153.82328859364048,148.09554123376432,148.54680672123982,12412457.706881968,خودرو
2024-01-10 12:30:18.395746,148.54680672123982,150.48802164136157,144.6547070915446,146.43107150412956,16110497.45040744,خودرو
2024-01-11 12:30:18.395746,146.43107150412956,146.51658910115398,141.37030404628933,142.73650709620148,20219026.662247077,خودرو
2024-01-12 12:30:18.395746,142.73650709620148,144.61167132250014,138.9920555124014,139.33908534977712,18285007.36653915,خودرو
2024-01-15 12:30:18.395746,139.33908534977712,140.42698044781042,137.0333977182677,137.34161222139142,16385756.574484555,خودرو
2024-01-16 12:30:18.395746,137.34161222139142,141.18224005389536,137.2727584682752,139.35588846798666,15461409.744468281,خودرو
2024-01-17 12:30:18.395746,139.35588846798666,140.83346432615974,137.53036080392602,138.6555731143349,15461089.55028013,خودرو
2024-01-18 12:30:18.395746,138.6555731143349,141.12064546389658,137.8000359358572,139.67905179576078,15667269.0221218,خودرو
2024-01-19 12:30:18.395746,139.67905179576078,141.30924302976817,137.8062425708445,137.8612558238431,16293345.803887319,خودرو
2024-01-22 12:30:18.395746,137.8612558238431,139.33632056618833,134.81045253774423,135.30162302466607,17547428.39216846,خودرو
2024-01-23 12:30:18.395746,135.30162302466607,138.05818727379423,134.44357349675184,137.87814988459985,17097939.774051506,خودرو
2024-01-24 12:30:18.395746,137.87814988459985,137.91322965526987,135.37239942104267,136.23971963303742,13625808.080824763,خودرو
2024-01-25 12:30:18.395746,131.412303408538,131.6755992302703,126.65073226191969,128.51386392323923,36870124.29058926,خودرو
2024-01-26 12:30:18.395746,128.51386392323923,129.75276871868095,124.02020810259226,125.83914551163308,22929014.496464968,خودرو
2024-01-29 12:30:18.395746,125.83914551163308,127.35186317775852,123.56564548441386,124.47957178982142,15941019.097061874,خودرو
2024-01-30 12:30:18.395746,124.47957178982142,124.92320149959535,123.55601712307197,124.79191921791072,16614424.024169412,خودرو
2024-01-31 12:30:18.395746,124.79191921791072,129.1876604032919,123.0459751529952,127.35360188798032,17753403.637290128,خودرو
2024-02-01 12:30:18.395746,137.355582367592,139.78034817763353,136.1469367874871,137.77975537858944,67842796.19655553,خودرو
2024-02-02 12:30:18.395746,137.77975537858944,140.2020849661698,136.84188580826012,140.06077209457536,19579500.15725958,خودرو
2024-02-05 12:30:18.395746,140.06077209457536,142.8122115724051,138.2575344148154,141.21825359538175,15183508.499299824,خودرو
2024-02-06 12:30:18.395746,141.21825359538175,141.60215284460168,139.3795677516468,140.22054843269598,13474492.756101804,خودرو
2024-02-07 12:30:18.395746,140.22054843269598,142.17351564724626,137.9085151539726,139.94835234051402,16039279.725658888,خودرو
2024-02-08 12:30:18.395746,139.94835234051402,141.5138772119451,138.90098911408728,139.73553853079324,21816338.512526166,خودرو
2024-02-09 12:30:18.395746,139.73553853079324,141.07039979170324,138.23043962944377,139.33663387436357,18649623.721022844,خودرو
2024-02-12 12:30:18.395746,139.33663387436357,141.25860176595543,138.681253235992,140.90256936371205,13394317.959939066,خودرو
2024-02-13 12:30:18.395746,140.90256936371205,142.53758602488963,140.05634679198823,141.0009711644224,17948458.325909887,خودرو
2024-02-14 12:30:18.395746,141.0009711644224,141.75556413825618,137.3431713219054,139.17898275921544,17833524.31817856,خودرو
2024-02-15 12:30:18.395746,139.17898275921544,139.29469270531186,138.87416389907926,139.10840432212746,16656869.714615855,خودرو
2024-02-16 12:30:18.395746,139.10840432212746,139.429227522639,136.79602907884876,138.57716382263274,16621063.43579163,خودرو
2024-02-19 12:30:18.395746,138.57716382263274,139.62139061150913,134.57911858953474,135.13096239886332,13772106.024703193,خودرو
2024-02-20 12:30:18.395746,135.13096239886332,135.38953861382367,133.74641580162185,135.28563213127035,12627601.867188098,خودرو
2024-02-21 12:30:18.395746,135.28563213127035,137.91046409242736,135.10249704221204,136.60853817576677,13914756.927280242,خودرو
2024-02-22 12:30:18.395746,136.60853817576677,137.63210260388794,135.8607153959385,136.02592152793025,22343341.35707068,خودرو
2024-02-23 12:30:18.395746,136.02592152793025,137.45061495012263,134.86721326607676,137.18280397360184,17390324.537064523,خودرو
2024-02-26 12:30:18.395746,137.18280397360184,137.57318266122408,133.0309420462975,134.71643470856722,13965297.42782135,خودرو
2024-02-27 12:30:18.395746,134.71643470856722,137.0664472666821,133.2275394091215,135.99655870607296,15693111.14361722,خودرو
2024-02-28 12:30:18.395746,135.99655870607296,137.26981479705756,132.29025190462474,133.41088652989785,12365883.853262266,خودرو
2024-02-29 12:30:18.395746,133.41088652989785,135.59992107830797,131.6626683291028,135.22783422889736,22955979.547394164,خودرو
2024-03-01 12:30:18.395746,135.22783422889736,137.11982868758412,132.95083964987924,133.74262718624715,21543408.068087332,خودرو
2024-03-04 12:30:18.395746,133.74262718624715,134.13066628508832,131.80886736690553,132.8558702407754,16032676.667239454,خودرو
2024-03-05 12:30:18.395746,132.8558702407754,133.29964391362634,132.80620927228102,133.09316571622,13490521.252651758,خودرو
2024-03-06 12:30:18.395746,133.09316571622,135.9905349434705,132.4614073338123,135.63793142807506,14128581.893577911,خودرو
2024-03-07 12:30:18.395746,135.63793142807506,141.21059562310145,134.38373731133817,139.28978462320745,20545669.28462443,خودرو
2024-03-08 12:30:18.395746,139.28978462320745,139.95164602788972,133.9419881190406,135.58882999689166,16220949.911416195,خودرو
2024-03-11 12:30:18.395746,135.58882999689166,137.07302339357489,133.03398788104673,133.51089719892698,12070934.087611051,خودرو
2024-03-12 12:30:18.395746,133.51089719892698,134.90299555059073,129.98318599295007,131.1139380343377,16042404.572627774,خودرو
2024-03-13 12:30:18.395746,131.1139380343377,134.40734921930456,130.53386302938515,132.7854099589578,15393704.154055508,خودرو
2024-03-14 12:30:18.395746,132.7854099589578,134.43832418013938,128.0669050039384,129.8855198610577,20237132.16192355,خودرو
2024-03-15 12:30:18.395746,129.8855198610577,131.63303296048352,128.28012439547038,131.0876263572712,16384418.323366355,خودرو
2024-03-18 12:30:18.395746,131.0876263572712,135.1091194028262,129.64188039403965,133.14950146174888,15372430.456762867,خودرو
2024-03-19 12:30:18.395746,133.14950146174888,134.43544697436653,131.29319610666874,133.12084477263704,14295049.114314582,خودرو
2024-03-20 12:30:18.395746,133.12084477263704,133.41222520530232,132.61646539934716,133.25107658030262,14874506.820998076,خودرو
2024-03-21 12:30:18.395746,133.25107658030262,135.01807260277198,130.59310012318036,130.9024548477007,18369045.24197274,خودرو
2024-03-22 12:30:18.395746,130.9024548477007,132.41247288439143,129.79021700316991,132.06972774474346,17664190.000443596,خودرو
2024-03-25 12:30:18.395746,132.06972774474346,133.3487073608051,129.92477999144884,130.8493874033674,14031014.288707944,خودرو
2024-03-26 12:30:18.395746,130.8493874033674,132.47062530740783,130.6865265715847,130.99590264560948,12378207.072938235,خودرو
2024-03-27 12:30:18.395746,130.99590264560948,131.86167676630274,126.53920967039372,128.2301466675512,15938107.58184351,خودرو
2024-03-28 12:30:18.395746,128.2301466675512,132.7761788042169,127.68537661989127,131.72502458045358,19151626.574780237,خودرو
2024-03-29 12:30:18.395746,131.72502458045358,132.52099845806015,130.73098126110312,131.89731023741382,22647210.827586453,خودرو
2024-04-01 12:30:18.395746,125.40792653214329,125.91707932814595,124.30443539121059,124.84609065234119,35261836.3667552,خودرو
2024-04-02 12:30:18.395746,124.84609065234119,125.86436946142152,120.96782201109832,122.08963739452956,16569700.583844421,خودرو
2024-04-03 12:30:18.395746,122.08963739452956,123.52357775130609,122.03973998648718,123.51436419151005,12707476.780505955,خودرو
2024-04-04 12:30:18.395746,123.51436419151005,124.66344171703815,122.76225534781865,123.41925811012004,16779596.071014214,خودرو
2024-04-05 12:30:18.395746,123.41925811012004,123.98630471811904,119.91247496500965,121.0704353771549,22451516.6123231,خودرو
2024-04-08 12:30:18.395746,121.0704353771549,121.79214383832188,120.36341146248365,120.79472534773303,13044763.44598002,خودرو
2024-04-09 12:30:18.395746,120.79472534773303,122.10746489799874,118.6975212471811,119.11456176659698,17684970.893398963,خودرو
2024-04-10 12:30:18.395746,119.11456176659698,120.303281299503,116.23254077274603,116.6599739765628,14653461.712682933,خودرو
2024-04-11 12:30:18.395746,116.6599739765628,120.6398749551534,116.17370465132359,119.04215552993212,20274773.24082933,خودرو
2024-04-12 12:30:18.395746,119.04215552993212,122.50447027941559,117.44571543477102,121.39898888063834,17026813.994790357,خودرو
2024-04-15 12:30:18.395746,114.37273969512937,116.5544192771729,112.94656100063818,115.65343619549121,24111997.24518423,خودرو
2024-04-16 12:30:18.395746,115.65343619549121,117.82970683868623,113.93114002697148,116.26860735532512,13826026.37998265,خودرو
2024-04-17 12:30:18.395746,116.26860735532512,117.0776042713982,114.78745560522404,116.35554955608089,15495802.05141416,خودرو
2024-04-18 12:30:18.395746,116.35554955608089,119.00793925445763,115.14073941959523,117.64985636579506,16813081.240115874,خودرو
2024-04-19 12:30:18.395746,117.64985636579506,119.75336746908164,117.1555420045292,119.70735785067467,20274218.80098064,خودرو
2024-04-22 12:30:18.395746,119.70735785067467,123.37125286708843,118.68970520422053,122.92967283919911,15770283.350944122,خودرو
2024-04-23 12:30:18.395746,122.92967283919911,124.0886740324622,121.59808099587954,123.06835730779966,17220641.107780617,خودرو
2024-04-24 12:30:18.395746,123.06835730779966,126.65685921699297,121.57016039714082,125.08066719793433,16112914.454134766,خودرو
2024-04-25 12:30:18.395746,125.08066719793433,126.1112893905592,120.93917521599239,122.44509612152287,20880722.47297866,خودرو
2024-04-26 12:30:18.395746,122.44509612152287,123.83237999503027,121.43812223653423,121.76608664793713,21265554.553720843,خودرو
2024-04-29 12:30:18.395746,121.76608664793713,122.29795657659935,121.75925477560845,122.08451882702556,16791066.749750327,خودرو
2024-04-30 12:30:18.395746,122.08451882702556,122.23846951013256,121.02683018455859,121.30969477008256,15036485.410850417,خودرو
2024-05-01 12:30:18.395746,121.30969477008256,121.36163260880708,117.83558641781731,118.80697130693758,17747915.69544959,خودرو
2024-05-02 12:30:18.395746,118.80697130693758,121.9118169258742,117.10186420808408,120.2976480854822,15659327.228343304,خودرو
2024-05-03 12:30:18.395746,120.2976480854822,121.66273513516747,118.61373339676355,119.86098075722299,18084351.71975342,خودرو
2024-05-06 12:30:18.395746,119.86098075722299,121.44153984821064,118.58748476788037,118.96850369411356,13115896.350692796,خودرو
2024-05-07 12:30:18.395746,118.96850369411356,119.30287848332166,116.57410866166781,118.09058860485308,14656795.493809566,خودرو
2024-05-08 12:30:18.395746,118.09058860485308,118.667327346278,117.0358742564053,117.24750629472234,13044220.215812039,خودرو
2024-05-09 12:30:18.395746,117.24750629472234,118.78193987815507,115.6689722618244,117.1518342978683,23166705.23275229,خودرو
2024-05-10 12:30:18.395746,117.1518342978683,119.92302203105884,115.6696505583281,119.33723265416147,16804819.091988247,خودرو
2024-05-13 12:30:18.395746,119.33723265416147,120.94999533490072,116.47829146069519,117.23510614122324,15913151.458837958,خودرو
2024-05-14 12:30:18.395746,117.23510614122324,120.27665298642417,116.69743659285895,119.6913865254088,17173214.59307335,خودرو
2024-05-15 12:30:18.395746,119.6913865254088,120.41765164458555,116.78446597105643,117.95480376182977,17926170.957037255,خودرو
2024-05-16 12:30:18.395746,117.95480376182977,119.81299380802614,116.30055590911167,118.21807160998806,16625918.807232054,خودرو
2024-05-17 12:30:18.395746,118.21807160998806,118.58255299266082,116.73308380139026,117.40059344722184,20367000.434475668,خودرو
2024-05-20 12:30:18.395746,117.40059344722184,119.6481872018572,116.23246993707876,119.41914327878446,13765610.79871476,خودرو
2024-05-21 12:30:18.395746,119.41914327878446,123.11942922872137,119.22231234330152,121.74271322478162,13179188.39061679,خودرو
2024-05-22 12:30:18.395746,121.74271322478162,124.03485622712012,121.47524610579099,122.67521277622426,12703754.688299974,خودرو
2024-05-23 12:30:18.395746,122.67521277622426,125.65147248073849,121.39707435102308,124.07422321579182,18708923.040312983,خودرو
2024-05-24 12:30:18.395746,124.07422321579182,126.25801851662085,123.02539644477335,125.94542068702695,22671186.723037813,خودرو
2024-05-27 12:30:18.395746,125.94542068702695,126.2464352097981,122.5691394476505,124.43424259662545,14332635.285096645,خودرو
2024-05-28 12:30:18.395746,124.43424259662545,125.19783203883756,121.21254659148167,122.59841196393039,16931211.538286015,خودرو
2024-05-29 12:30:18.395746,122.59841196393039,125.29760072553994,121.86108204439752,124.76162760127986,16806140.466207683,خودرو
2024-05-30 12:30:18.395746,124.76162760127986,125.85043344436532,122.96270670667883,124.09191868296874,21727331.822830725,خودرو
2024-05-31 12:30:18.395746,124.09191868296874,124.72476773126343,123.1725470983251,123.44190281625899,20518576.573299475,خودرو
2024-06-03 12:30:18.395746,123.44190281625899,125.80881334028204,122.30695211078958,124.84539127041413,14224992.383728616,خودرو
2024-06-04 12:30:18.395746,124.84539127041413,126.08285532868675,122.42254842254594,123.65415340149555,17283494.581892766,خودرو
2024-06-05 12:30:18.395746,123.65415340149555,124.33566760053384,121.16381486334026,121.98371229981944,17561272.23009238,خودرو
2024-06-06 12:30:18.395746,121.98371229981944,124.83086217937262,121.42858402388154,123.02560271273013,20157136.97153883,خودرو
2024-06-07 12:30:18.395746,123.02560271273013,125.5712063191174,121.21973732109137,125.51234355375767,18518859.338705115,خودرو
2024-06-10 12:30:18.395746,125.51234355375767,129.98927738128776,125.13648455222,129.13864620559224,13883543.151936308,خودرو
2024-06-11 12:30:18.395746,129.13864620559224,129.9831265138574,127.3075897239082,129.69783244112605,13270585.996437674,خودرو
2024-06-12 12:30:18.395746,129.69783244112605,130.94518472245977,128.49560153395544,129.87268276047982,13416897.82657196,خودرو
2024-06-13 12:30:18.395746,129.87268276047982,130.93808376376683,128.8441664793807,130.05960574389556,17431486.727360588,خودرو
2024-06-14 12:30:18.395746,130.05960574389556,130.63919074674908,129.13638804033351,130.44060431921548,23049355.991634976,خودرو
2024-06-17 12:30:18.395746,130.44060431921548,131.70446497287554,127.70392699420854,128.74590470884462,15120897.168262318,خودرو
2024-06-18 12:30:18.395746,128.74590470884462,131.25128060350542,128.0476628863931,129.40086410977332,12844633.321510922,خودرو
2024-06-19 12:30:18.395746,129.40086410977332,131.57973044028938,127.61961029530785,129.99028998482564,15108117.75516008,خودرو
2024-06-20 12:30:18.395746,129.99028998482564,131.18691160765047,127.22818602322258,128.145024484162,19771773.58655162,خودرو
2024-06-21 12:30:18.395746,128.145024484162,129.60901490312895,126.97991131241503,128.77821596929476,17065814.06640164,خودرو
2024-06-24 12:30:18.395746,128.77821596929476,130.15539121632415,124.66265530192042,126.21407447631867,15969794.519069701,خودرو
2024-06-25 12:30:18.395746,126.21407447631867,127.50323703012724,123.06651174975495,124.21313878557793,15686733.83074243,خودرو
2024-06-26 12:30:18.395746,124.21313878557793,127.28861145905499,122.85516145204919,126.81262481875565,15606219.064582318,خودرو
2024-06-27 12:30:18.395746,126.81262481875565,131.55296420004652,125.6385353349852,129.84656368398572,18864007.693643924,خودرو
2024-06-28 12:30:18.395746,129.84656368398572,130.1206091825772,126.67635761471273,127.0776499199749,22988737.55974049,خودرو
2024-07-01 12:30:18.395746,132.85665377846064,133.51363023302648,129.9252778887534,130.77344711138895,29717128.30850737,خودرو
2024-07-02 12:30:18.395746,130.77344711138895,131.41959972388028,128.95330684501002,131.14769969696425,13778677.597578704,خودرو
2024-07-03 12:30:18.395746,131.14769969696425,135.4691268528086,130.7970528164648,133.87524462196012,15980780.675066028,خودرو
2024-07-04 12:30:18.395746,133.87524462196012,136.12431554031636,132.29779868057443,135.34556777500364,20426262.053459182,خودرو
2024-07-05 12:30:18.395746,135.34556777500364,136.65020644549537,134.21905795914404,135.42300255773534,18827643.75700915,خودرو
2024-07-08 12:30:18.395746,135.42300255773534,136.78114787748203,134.16690823284054,135.89820430634967,15846693.656698493,خودرو
2024-07-09 12:30:18.395746,135.89820430634967,139.05030316971698,135.53083144906464,137.3012026635645,16643660.87861786,خودرو
2024-07-10 12:30:18.395746,137.3012026635645,139.1494603762745,136.33437106335575,136.41832879097726,12557864.80178204,خودرو
2024-07-11 12:30:18.395746,136.41832879097726,137.95109993076093,134.2359169776152,134.48398970782753,23109757.348611783,خودرو
2024-07-12 12:30:18.395746,134.48398970782753,134.57411126193725,130.22112409924551,131.30728595906288,18932020.041454714,خودرو
2024-07-15 12:30:18.395746,131.30728595906288,131.5136452074413,128.71123191366215,129.31859708404994,12345178.726644844,خودرو
2024-07-16 12:30:18.395746,129.31859708404994,131.87160340710312,128.617390055314,130.43399270722034,12591038.387097681,خودرو
2024-07-17 12:30:18.395746,130.43399270722034,131.3515692585895,128.17334689237174,129.58891698366858,14740716.61589951,خودرو
2024-07-18 12:30:18.395746,129.58891698366858,133.40480347754394,128.55676799804988,131.49522541228407,19658977.69186091,خودرو
2024-07-19 12:30:18.395746,131.49522541228407,135.5465765994789,130.84884114689777,134.49292711744658,19859307.632721737,خودرو
2024-07-22 12:30:18.395746,134.49292711744658,137.7310736424708,134.49205569829255,137.27837686967055,15316677.31205589,خودرو
2024-07-23 12:30:18.395746,137.27837686967055,138.1616358884571,134.54353860333538,135.1598915811613,16514605.464558922,خودرو
2024-07-24 12:30:18.395746,135.1598915811613,135.82398770971966,132.07311069044428,133.05076758965222,16475910.892779754,خودرو
2024-07-25 12:30:18.395746,133.05076758965222,136.77857694270693,132.0250465527121,136.61458964654253,21535693.153632898,خودرو
2024-07-26 12:30:18.395746,136.61458964654253,139.56780360464194,135.2176186368978,139.0130894307735,19338471.539355177,خودرو
2024-07-29 12:30:18.395746,139.0130894307735,140.1078029626619,135.10076570188974,136.7983376683345,14857120.059468811,خودرو
2024-07-30 12:30:18.395746,136.7983376683345,137.70078341652777,134.7273914586142,135.48342364673505,12618347.488606686,خودرو
2024-07-31 12:30:18.395746,135.48342364673505,137.59537235918913,133.66386768503224,136.61559959053542,17198675.842523005,خودرو
2024-08-01 12:30:18.395746,130.63809410925066,130.69781244668044,127.81470910117638,129.40648816491787,53739820.639693454,خودرو
2024-08-02 12:30:18.395746,129.40648816491787,131.4393246351906,129.31253033621877,130.23719464503827,22218918.042032078,خودرو
2024-08-05 12:30:18.395746,130.23719464503827,130.99027455341908,129.97431963410858,130.50412751304785,12547720.444265978,خودرو
2024-08-06 12:30:18.395746,130.50412751304785,131.74910397836925,128.2997478994154,129.12433457485358,14242607.147700379,خودرو
2024-08-07 12:30:18.395746,129.12433457485358,130.22841694019084,128.601763822509,129.95366191255607,15374960.807638189,خودرو
2024-08-08 12:30:18.395746,129.95366191255607,132.85911065905918,128.22607303695253,131.68807722066114,19482444.17083686,خودرو
2024-08-09 12:30:18.395746,131.68807722066114,135.1100011340413,129.96699802814726,133.64223876360717,16505807.93144641,خودرو
2024-08-12 12:30:18.395746,133.64223876360717,134.79816567381863,130.92968058683778,132.52965310884255,16751301.200735973,خودرو
2024-08-13 12:30:18.395746,132.52965310884255,134.24488244831755,132.2669238959735,133.91322844431423,15628646.36226447,خودرو
2024-08-14 12:30:18.395746,133.91322844431423,134.37640186720031,131.1924509018179,132.49891959752955,15816977.808700718,خودرو
2024-08-15 12:30:18.395746,132.49891959752955,135.08746920122223,132.00201005382414,133.3159607573772,15893797.224391,خودرو
2024-08-16 12:30:18.395746,133.3159607573772,134.3526541375471,131.63108883201124,134.0370773034346,16111105.861959256,خودرو
2024-08-19 12:30:18.395746,134.0370773034346,135.37233806999694,130.94390465374502,132.3026886592182,13829511.411846304,خودرو
2024-08-20 12:30:18.395746,132.3026886592182,135.91649856446702,131.7357834078357,134.90364496386587,15183114.279599037,خودرو
2024-08-21 12:30:18.395746,134.90364496386587,136.1750635723295,131.27817297177705,132.15233276696597,13186075.82814053,خودرو
2024-08-22 12:30:18.395746,132.15233276696597,135.0848895886014,130.84179500548643,133.35292314762128,17360655.117641155,خودرو
2024-08-23 12:30:18.395746,133.35292314762128,136.0931086085373,131.96672322522323,134.72474149609008,23047444.439475212,خودرو
2024-08-26 12:30:18.395746,134.72474149609008,135.71261209000633,133.02126010680647,135.10951152669716,13822981.10524574,خودرو
2024-08-27 12:30:18.395746,135.10951152669716,136.86229313428274,132.4557529640721,134.46208926499764,15760614.762296356,خودرو
2024-08-28 12:30:18.395746,134.46208926499764,137.22960230167547,132.77269564681654,135.96572816567453,16649299.221833376,خودرو
2024-08-29 12:30:18.395746,135.96572816567453,136.16516498767828,133.860304415633,135.8220911917699,22222794.206032284,خودرو
2024-08-30 12:30:18.395746,135.8220911917699,137.56074966256878,132.47330324607177,132.63085871768382,16301423.428763317,خودرو
2024-09-02 12:30:18.395746,132.63085871768382,133.18614564852675,129.87679123137588,129.88983423354006,12765621.8156174,خودرو
2024-09-03 12:30:18.395746,129.88983423354006,134.408364180628,128.63022368996383,132.47469722711497,12679384.446886659,خودرو
2024-09-04 12:30:18.395746,132.47469722711497,134.3730609933186,129.12213388004216,129.9846739835587,12819225.552195799,خودرو
2024-09-05 12:30:18.395746,129.9846739835587,135.07644811596276,128.1953864170841,133.84320722394767,22090664.08777696,خودرو
2024-09-06 12:30:18.395746,133.84320722394767,134.8605690117378,129.7778335570356,130.89903160080954,22018959.622408107,خودرو
2024-09-09 12:30:18.395746,130.89903160080954,132.1476711407095,128.01326994333039,129.75699436915755,16124154.252620753,خودرو
2024-09-10 12:30:18.395746,129.75699436915755,133.64179430805817,128.56782303399123,132.96578934688603,16615880.744295707,خودرو
2024-09-11 12:30:18.395746,132.96578934688603,136.56605636415216,132.1405917524375,134.69534004677064,12259556.593083613,خودرو
2024-09-12 12:30:18.395746,134.69534004677064,137.29124469786206,133.4893883817476,136.3197968411165,16873098.019151855,خودرو
2024-09-13 12:30:18.395746,136.3197968411165,139.65880171081076,134.94928488481304,138.24802937994858,19031885.80663062,خودرو
2024-09-16 12:30:18.395746,138.24802937994858,138.75674538004372,135.3173368772171,137.3242673799493,17624436.000536993,خودرو
2024-09-17 12:30:18.395746,137.3242673799493,138.69730254772642,134.70188169537516,135.58468703047438,14033296.04737858,خودرو
2024-09-18 12:30:18.395746,135.58468703047438,136.45309933421728,130.99460761729557,132.95751172838,14959091.141301421,خودرو
2024-09-19 12:30:18.395746,132.95751172838,134.5097277309565,132.01567504818087,132.55779981959873,15795422.09290355,خودرو
2024-09-20 12:30:18.395746,132.55779981959873,134.44057058314206,131.60571438514557,132.9392078447955,19242140.76841286,خودرو
2024-09-23 12:30:18.395746,132.9392078447955,136.08120503234883,131.0365250162494,134.40803496203807,13132990.91444383,خودرو
2024-09-24 12:30:18.395746,134.40803496203807,135.48318465207984,131.46320168568212,133.10995854000777,14201600.55669612,خودرو
2024-09-25 12:30:18.395746,128.79794811919496,130.49652583054606,126.19400177418522,128.01341801199965,48600409.22771567,خودرو
2024-09-26 12:30:18.395746,128.01341801199965,129.69389278526643,125.56899152094891,126.4693672792013,16000614.251199396,خودرو
2024-09-27 12:30:18.395746,126.4693672792013,131.17592017744641,124.88049349306152,129.9547120078252,20403458.579404473,خودرو
2024-09-30 12:30:18.395746,129.9547120078252,131.59439281210564,128.10221576666615,128.61556302010146,16539009.614999654,خودرو
2024-10-01 12:30:18.395746,128.61556302010146,130.2289066010445,128.00903402172142,129.5184889111099,14931452.644514121,خودرو
2024-10-02 12:30:18.395746,129.5184889111099,130.0879803585696,124.98357114116816,126.71492135182207,17919986.678895116,خودرو
2024-10-03 12:30:18.395746,126.71492135182207,127.17051652052528,125.47225072338983,125.71137897985831,20408405.07430997,خودرو
2024-10-04 12:30:18.395746,125.71137897985831,127.696082133494,124.83144911775709,126.44235902078479,20074021.689238634,خودرو
2024-10-07 12:30:18.395746,126.44235902078479,126.90800084429085,125.55526210266194,126.14297633493601,12061466.664235285,خودرو
2024-10-08 12:30:18.395746,126.14297633493601,127.68252076537374,124.52117540788618,125.79395064065628,15622750.746604512,خودرو
2024-10-09 12:30:18.395746,125.79395064065628,126.33884665136522,122.41437202842503,124.10248325899578,15617621.111354887,خودرو
2024-10-10 12:30:18.395746,124.10248325899578,124.6728542192115,121.510697534369,122.23146050645086,17384285.63173826,خودرو
2024-10-11 12:30:18.395746,122.23146050645086,125.61442651691256,120.94595505165013,123.76161640908424,18441260.392402228,خودرو
2024-10-14 12:30:18.395746,123.76161640908424,125.28395704381744,122.77922846842914,122.79878754859983,13034096.915782537,خودرو
2024-10-15 12:30:18.395746,122.79878754859983,123.82762923502445,121.50010571254201,123.71754204607048,16860936.497172132,خودرو
2024-10-16 12:30:18.395746,123.71754204607048,124.60567445349801,121.85104916571848,122.36324929137476,13684765.863995371,خودرو
2024-10-17 12:30:18.395746,122.36324929137476,122.83168244965687,120.90083364376184,121.13271355593942,21739378.43401056,خودرو
2024-10-18 12:30:18.395746,121.13271355593942,123.07118804062428,120.31416017780937,122.5156207667044,18224377.49267097,خودرو
2024-10-21 12:30:18.395746,122.5156207667044,125.10900325733098,121.95972468075331,123.40789841765844,17025405.902446605,خودرو
2024-10-22 12:30:18.395746,123.40789841765844,124.26867145183515,120.08840946526901,121.83962774798775,16850288.743042022,خودرو
2024-10-23 12:30:18.395746,121.83962774798775,124.21275223771043,120.27572621586458,122.5693466132036,13051642.691695072,خودرو
2024-10-24 12:30:18.395746,122.5693466132036,123.5634061376081,122.28921811064566,123.38647421630768,17708588.502344366,خودرو
2024-10-25 12:30:18.395746,116.42406905599388,117.76371133298173,114.18465549594927,115.74168801143927,48713368.98559885,خودرو
2024-10-28 12:30:18.395746,115.74168801143927,116.57970980851127,114.68452776079597,116.23646077745336,16491610.563981233,خودرو
2024-10-29 12:30:18.395746,116.23646077745336,118.06249712290806,115.3985525484881,117.19946044922833,17097201.322522543,خودرو
2024-10-30 12:30:18.395746,117.19946044922833,120.30132166280588,117.05012277335142,120.18620334047246,14460573.417058857,خودرو
2024-10-31 12:30:18.395746,120.18620334047246,120.18841173218586,118.01821135012646,118.87621744425326,21773414.628282443,خودرو
2024-11-01 12:30:18.395746,110.61313770717643,111.74857505226858,108.68717393911444,110.25636287206787,59424233.123519756,خودرو
2024-11-04 12:30:18.395746,110.25636287206787,113.09742443376764,108.73771861592665,112.27305232177638,13847241.813961351,خودرو
2024-11-05 12:30:18.395746,112.27305232177638,112.9173602815831,110.32654263613287,110.98697639847451,17249624.021779764,خودرو
2024-11-06 12:30:18.395746,110.98697639847451,111.79937844457302,109.43092452147096,111.61054698682176,16136288.382184621,خودرو
2024-11-07 12:30:18.395746,111.61054698682176,116.45560020518712,111.35509714461683,114.76168257556597,18519502.63205724,خودرو
2024-11-08 12:30:18.395746,114.76168257556597,116.57996283872158,113.14740712377092,115.36144055446955,23394539.1865305,خودرو
2024-11-11 12:30:18.395746,115.36144055446955,115.48709272110098,112.14045719491209,113.23173970369655,17236137.50719937,خودرو
2024-11-12 12:30:18.395746,113.23173970369655,114.90528410786814,111.67939934699373,113.9675530823112,16555436.380646393,خودرو
2024-11-13 12:30:18.395746,113.9675530823112,114.88494834744625,113.4765280097515,114.30678366553491,17434143.06193445,خودرو
2024-11-14 12:30:18.395746,114.30678366553491,116.9069833143098,113.29185439455598,115.97410251596452,21691214.31768813,خودرو
2024-11-15 12:30:18.395746,115.97410251596452,116.5279552945003,113.78659459201948,115.1605209723578,19960186.854372796,خودرو
2024-11-18 12:30:18.395746,115.1605209723578,115.37902329190491,110.20135980954956,111.55347997227342,15679083.712863402,خودرو
2024-11-19 12:30:18.395746,111.55347997227342,112.86068316526745,107.54250715108277,108.84782179372705,13228724.41967208,خودرو
2024-11-20 12:30:18.395746,108.84782179372705,111.18170502620782,107.86911068743883,110.27586922202416,17689273.077991825,خودرو
2024-11-21 12:30:18.395746,110.27586922202416,110.45167447822358,109.98054816513452,110.31272986837534,22686090.776576146,خودرو
2024-11-22 12:30:18.395746,110.31272986837534,110.82329114078367,108.45581620585727,108.6310349615916,19377423.28162467,خودرو
2024-11-25 12:30:18.395746,101.03304452103066,102.94839680588663,100.28187688984647,102.71027890118653,39490154.31524309,خودرو
2024-11-26 12:30:18.395746,102.71027890118653,103.84961261157788,100.85357147672497,101.015101303018,16065434.283178855,خودرو
2024-11-27 12:30:18.395746,101.015101303018,101.3004944584036,99.59389775846124,99.72029726538283,13822476.970717669,خودرو
2024-11-28 12:30:18.395746,99.72029726538283,101.39847739678035,99.36176352764713,100.01317231704421,20575095.166253973,خودرو
2024-11-29 12:30:18.395746,100.01317231704421,102.37201095223918,99.37582927956903,101.52858408453605,22104614.115000393,خودرو
2024-12-02 12:30:18.395746,101.52858408453605,103.72877690949967,100.7849416834902,102.61433913289935,13753759.312145595,خودرو
2024-12-03 12:30:18.395746,102.61433913289935,103.4913499993944,99.67318664951148,100.84273645647728,13980880.186091416,خودرو
2024-12-04 12:30:18.395746,100.84273645647728,102.0648325355117,99.01639456951767,100.26277067198201,13678383.570154412,خودرو
2024-12-05 12:30:18.395746,100.26277067198201,102.3084448846953,100.05659475969296,100.93475805723868,19853928.702594165,خودرو
2024-12-06 12:30:18.395746,100.93475805723868,103.84945882558726,100.91848632892325,102.81978422533736,21187752.607198887,خودرو
2024-12-09 12:30:18.395746,102.81978422533736,105.06652054686711,102.26731557850782,104.17103580097961,16859799.585598126,خودرو
2024-12-10 12:30:18.395746,104.17103580097961,105.11521971425555,103.76367868469852,104.07473984628002,17484381.75895154,خودرو
2024-12-11 12:30:18.395746,104.07473984628002,104.97985775670696,102.60172151108578,104.49236544470372,17109494.30003761,خودرو
2024-12-12 12:30:18.395746,104.49236544470372,105.59103447684011,103.65852110558129,105.19100920938912,23367386.56751339,خودرو
2024-12-13 12:30:18.395746,105.19100920938912,105.20495324402278,103.35323679298394,103.83788036215371,15663939.030960608,خودرو
2024-12-16 12:30:18.395746,103.83788036215371,105.33641582623304,103.2861991245917,104.6908137160827,14310520.314047271,خودرو
2024-12-17 12:30:18.395746,104.6908137160827,106.24908986096439,101.94583961221035,102.2540460847717,17919670.93301538,خودرو
2024-12-18 12:30:18.395746,102.2540460847717,103.07873039114082,102.0259395928327,102.97012220790576,15109880.189677255,خودرو
2024-12-19 12:30:18.395746,102.97012220790576,105.25845986685687,102.33939889467383,104.00360326073759,22046706.05022201,خودرو
2024-12-20 12:30:18.395746,104.00360326073759,105.1711171125484,103.24954244609368,104.31392961596717,20312450.808555033,خودرو
2024-12-23 12:30:18.395746,104.31392961596717,105.56669434500034,102.57480948137038,103.87162011672976,13714834.074580977,خودرو
2024-12-24 12:30:18.395746,103.87162011672976,105.53888379948765,103.41498479240347,105.49575698204166,12733916.574588077,خودرو
2024-12-25 12:30:18.395746,105.49575698204166,106.31135278166512,104.40685916949452,105.46799235480158,17256355.00156124,خودرو
2024-12-26 12:30:18.395746,105.46799235480158,107.29878477432753,104.1051328061768,106.61899201073287,16411484.296438374,خودرو
2024-12-27 12:30:18.395746,106.61899201073287,108.4863611185444,105.76623823473162,107.37592978929086,20636189.5744476,خودرو
2024-12-30 12:30:18.395746,107.37592978929086,110.62352451438271,106.80773220500855,110.35861099061516,13933780.270904096,خودرو
2024-12-31 12:30:18.395746,110.35861099061516,113.49445106372151,109.70587774881442,112.03230298512347,13398350.556217495,خودرو
2025-01-01 12:30:18.395746,112.03230298512347,112.67140601032428,109.78746866557046,111.27876298163328,17644847.365584254,خودرو
2025-01-02 12:30:18.395746,111.27876298163328,115.11385796206153,110.65168978024758,113.63348175110582,19761490.29633376,خودرو
2025-01-03 12:30:18.395746,113.63348175110582,115.30048316603076,110.51574802052649,111.80203642173595,17832421.89673757,خودرو
2025-01-06 12:30:18.395746,111.80203642173595,112.88664342977813,108.38834768098738,109.62587234103437,13951479.462020155,خودرو
2025-01-07 12:30:18.395746,109.62587234103437,110.31869432655617,108.02579725098427,109.8311502977807,12133418.196427308,خودرو
2025-01-08 12:30:18.395746,109.8311502977807,109.98359613213682,108.72126023326616,108.76261125245193,14713151.245930893,خودرو
2025-01-09 12:30:18.395746,108.76261125245193,112.03096447329877,107.15510558363589,110.73126570571249,16475134.493381305,خودرو
2025-01-10 12:30:18.395746,110.73126570571249,112.19924239020621,110.44908166491028,111.91316969725844,15683752.02236775,خودرو
2025-01-13 12:30:18.395746,111.91316969725844,113.20232769887063,111.77912438398248,112.59950957466782,14176622.534558369,خودرو
2025-01-14 12:30:18.395746,112.59950957466782,114.65976845177629,112.56139635194873,113.0728187571389,13053640.794243645,خودرو
2025-01-15 12:30:18.395746,113.0728187571389,113.30275226148073,111.05140502795878,112.72390707490928,16545836.601574237,خودرو
2025-01-16 12:30:18.395746,112.72390707490928,114.75806165048022,111.27085305826827,113.35419924848247,18393734.906821806,خودرو
2025-01-17 12:30:18.395746,113.35419924848247,114.10739736614971,109.51332553464268,110.10735000567286,20273574.985392127,خودرو
2025-01-20 12:30:18.395746,110.10735000567286,111.60300350463322,109.14390864706388,110.3390917303958,16437359.209060226,خودرو
2025-01-21 12:30:18.395746,110.3390917303958,111.12441983443476,107.94480617014868,109.57789712908125,16642409.762098258,خودرو
2025-01-22 12:30:18.395746,109.57789712908125,109.92963083801256,106.22052409095997,106.33669836599955,16994875.359810006,خودرو
2025-01-23 12:30:18.395746,106.33669836599955,106.79847072221612,104.25350559680008,105.76966542697275,16548872.166128967,خودرو
2025-01-24 12:30:18.395746,105.76966542697275,106.85052665349184,102.16351962872223,103.37407136313071,21274496.713804353,خودرو
2025-01-27 12:30:18.395746,103.37407136313071,104.51825820096768,101.97784314954141,103.98261616237588,15874377.770771079,خودرو
2025-01-28 12:30:18.395746,103.98261616237588,104.58161752330332,102.35275040369501,102.61647301759605,13601938.428216884,خودرو
2025-01-29 12:30:18.395746,102.61647301759605,103.32812372608805,101.2724259949783,102.92954767150975,12959395.163048709,خودرو
2025-01-30 12:30:18.395746,102.92954767150975,103.55656876578828,101.95705102178471,102.51872507901781,17893309.678376585,خودرو
2025-01-31 12:30:18.395746,102.51872507901781,103.2038133836961,101.32486080769534,101.69307551255463,16771597.606388593,خودرو
2025-02-03 12:30:18.395746,101.69307551255463,102.04876728243812,99.88129027623829,100.89316853826338,12637116.84298571,خودرو
2025-02-04 12:30:18.395746,100.89316853826338,102.33811252181263,99.26528552463091,100.04744060054777,16097261.101668073,خودرو
2025-02-05 12:30:18.395746,100.04744060054777,102.21850039547631,98.56163260058968,102.18007795259999,14595716.08081224,خودرو
2025-02-06 12:30:18.395746,102.18007795259999,106.4028901996747,101.84323568149867,104.86843106825175,19540545.73333369,خودرو
2025-02-07 12:30:18.395746,104.86843106825175,105.45727794167215,102.63404898475376,102.84156189653011,17318723.431017518,خودرو
2025-02-10 12:30:18.395746,102.84156189653011,103.71574150774963,101.41267422286964,101.92962560810912,13907936.07146978,خودرو
2025-02-11 12:30:18.395746,101.92962560810912,105.70072979094375,101.26588398645443,105.03323512968345,12906549.849186383,خودرو
2025-02-12 12:30:18.395746,105.03323512968345,105.62574066879311,101.084925737271,102.37631019557693,15008685.161364373,خودرو
2025-02-13 12:30:18.395746,102.37631019557693,105.21165390977704,100.9101782223302,104.19356340401781,21379933.14870941,خودرو
2025-02-14 12:30:18.395746,104.19356340401781,107.28061958139851,103.31708870577627,106.31369018559263,19033349.145101078,خودرو
2025-02-17 12:30:18.395746,106.31369018559263,109.04040373004649,105.85130981300061,107.54164172427971,12829250.027105905,خودرو
2025-02-18 12:30:18.395746,107.54164172427971,108.8157738319335,104.82594161357997,106.23952878734916,13540931.87360828,خودرو
2025-02-19 12:30:18.395746,106.23952878734916,107.68476714385552,106.2022903032821,107.56095219176251,14141587.860625569,خودرو
2025-02-20 12:30:18.395746,107.56095219176251,110.08053154453886,107.31475079603547,108.66072279932166,21020837.293671116,خودرو
2025-02-21 12:30:18.395746,108.66072279932166,109.92157749080475,105.81599549773865,107.18663822118873,21405005.325118296,خودرو
2025-02-24 12:30:18.395746,107.18663822118873,108.36060650700763,104.91615517730754,105.9618091061609,14735361.069842119,خودرو
2025-02-25 12:30:18.395746,110.26785761268029,111.21346958552522,108.45571672614393,109.65220098213067,50377551.45634204,خودرو
2025-02-26 12:30:18.395746,109.65220098213067,110.5646709408007,108.13372561788667,110.25985168411432,16867029.828849655,خودرو
2025-02-27 12:30:18.395746,110.25985168411432,110.31906278177563,107.95831460353075,108.9038861602527,19146117.35698022,خودرو
2025-02-28 12:30:18.395746,108.9038861602527,110.18926342627466,106.28025519372132,107.2126309026108,16378840.090615753,خودرو
2025-03-03 12:30:18.395746,107.2126309026108,108.89699943323998,105.93937810427654,107.59133980321384,16522359.655920621,خودرو
2025-03-04 12:30:18.395746,107.59133980321384,108.28146796018875,106.71801561380225,107.82793658871876,12294680.206396738,خودرو
2025-03-05 12:30:18.395746,107.82793658871876,110.79803142742406,106.49561401181695,109.24053584245334,13202582.007664131,خودرو
2025-03-06 12:30:18.395746,109.24053584245334,110.16738088898236,107.21546307057288,108.29627734605852,16782945.838878058,خودرو
2025-03-07 12:30:18.395746,108.29627734605852,108.42743576906894,106.4422702286604,107.37826748024777,19732409.944541037,خودرو
2025-03-10 12:30:18.395746,107.37826748024777,109.23223422089937,106.48091650277304,107.96737603885227,13548715.488081748,خودرو
2025-03-11 12:30:18.395746,107.96737603885227,110.77687105611766,107.81530220625056,109.3854197566004,14485987.279199835,خودرو
2025-03-12 12:30:18.395746,109.3854197566004,110.09868973878918,107.32273096696369,108.14530379884911,14269634.636528678,خودرو
2025-03-13 12:30:18.395746,108.14530379884911,108.73165320177344,106.96655398159093,107.90030811434887,18158788.91013232,خودرو
2025-03-14 12:30:18.395746,107.90030811434887,108.981705024381,107.87354021639327,108.1353113847154,19352685.581356943,خودرو
2025-03-17 12:30:18.395746,108.1353113847154,108.20981588055974,105.86745946453479,105.88169288149086,12505196.372992033,خودرو
2025-03-18 12:30:18.395746,105.88169288149086,107.16296188558589,103.66937870228105,103.95634949509837,13399502.352874042,خودرو
2025-03-19 12:30:18.395746,103.95634949509837,105.59822077241064,103.46909724088962,104.32843926297824,13743933.39392228,خودرو
2025-03-20 12:30:18.395746,104.32843926297824,105.61176517220655,103.80800926609928,105.13992890959248,23282509.105575558,خودرو
2025-03-21 12:30:18.395746,105.13992890959248,106.13885219427695,102.38286039421075,102.61774609421005,16861583.268832613,خودرو
2025-03-24 12:30:18.395746,102.61774609421005,102.70620983219074,101.40613396366867,101.52647923723227,14512703.057716286,خودرو
2025-03-25 12:30:18.395746,101.52647923723227,103.01774442179841,99.14773543643027,100.37030453353613,15635081.65032254,خودرو
2025-03-26 12:30:18.395746,100.37030453353613,101.00240508757413,100.08557735389692,100.13029046387695,15960388.906352757,خودرو
2025-03-27 12:30:18.395746,100.13029046387695,102.85344906313296,99.05329380532481,101.81250695971636,15908538.08719441,خودرو
2025-03-28 12:30:18.395746,101.81250695971636,102.0339307690046,100.47267801349427,100.88732862452864,21863665.326088734,خودرو
2025-03-31 12:30:18.395746,100.88732862452864,100.92170750902883,98.71561589891171,98.79512097663927,15985726.483646335,خودرو
2025-04-01 12:30:18.395746,102.58530819138056,104.58141319392516,101.42575424474987,104.3797362963165,24509837.302079555,خودرو
2025-04-02 12:30:18.395746,104.3797362963165,105.64193589640571,101.87810440394406,102.21716393424958,14726140.09375539,خودرو
2025-04-03 12:30:18.395746,102.21716393424958,103.25853439138454,100.01690920595036,101.47076458319678,17678775.979055494,خودرو
2025-04-04 12:30:18.395746,101.47076458319678,103.94761671459091,100.1604974249624,102.75054408755693,22891062.865731627,خودرو
2025-04-07 12:30:18.395746,102.75054408755693,103.27990083026545,102.02168584360255,102.85094428588212,14615598.290396687,خودرو
2025-04-08 12:30:18.395746,102.85094428588212,106.61789357461457,102.79663710650566,105.16363097703173,12091961.653054195,خودرو
2025-04-09 12:30:18.395746,105.16363097703173,106.85634345925493,104.83680002877163,105.75227485372817,13448657.021748764,خودرو
2025-04-10 12:30:18.395746,105.75227485372817,107.01352488593223,103.71333934723788,104.90624349215878,23157239.048713572,خودرو
2025-04-11 12:30:18.395746,104.90624349215878,107.02770646736151,104.31454280778907,106.45562197472405,19398445.04578419,خودرو
2025-04-14 12:30:18.395746,106.45562197472405,107.96040437390975,102.9158348616202,104.10712708147406,15799067.153543029,خودرو
2025-04-15 12:30:18.395746,109.34695267699126,112.07882535625697,109.19250306440699,110.54642324841645,26179325.89488756,خودرو
2025-04-16 12:30:18.395746,110.54642324841645,111.96632656582412,106.79528638649941,107.29451985743366,13702652.907211507,خودرو
2025-04-17 12:30:18.395746,107.29451985743366,107.8335616357303,105.02430932916361,106.3817173807902,16846090.198468227,خودرو
2025-04-18 12:30:18.395746,106.3817173807902,107.2205730154403,105.19093475251263,106.44502307619317,15825569.887730107,خودرو
2025-04-21 12:30:18.395746,106.44502307619317,107.99648414448319,105.84206513683095,106.74135200143175,17133369.21298468,خودرو
2025-04-22 12:30:18.395746,106.74135200143175,107.33711908862769,105.45582481405339,106.99037335888653,15083014.883050436,خودرو
2025-04-23 12:30:18.395746,106.99037335888653,111.96422138802713,106.49587637603871,110.50395794548604,13491531.333680753,خودرو
2025-04-24 12:30:18.395746,110.50395794548604,110.61224603116979,107.0240766866778,108.24439523142486,16659013.667972784,خودرو
2025-04-25 12:30:18.395746,114.62715204165545,114.99634090674665,113.30109802407182,114.86874467342999,67625290.33894789,خودرو
2025-04-28 12:30:18.395746,114.86874467342999,117.46504111822311,114.28817004361328,116.35912704187874,15319378.613787882,خودرو
2025-04-29 12:30:18.395746,116.35912704187874,117.87650703008376,116.15849395684936,116.44316704734125,14387903.68719182,خودرو
2025-04-30 12:30:18.395746,116.44316704734125,117.69330522302896,114.00968695536399,115.22119572738055,15879498.704558779,خودرو
2025-05-01 12:30:18.395746,115.22119572738055,115.50337094629266,115.05454017875299,115.50212661768445,22349448.82727908,خودرو
2025-05-02 12:30:18.395746,115.50212661768445,118.55485639453832,115.40548046462835,117.30804253577251,22506990.75035272,خودرو
2025-05-05 12:30:18.395746,117.30804253577251,118.32840904867685,114.64151095956645,115.47104407679815,17714279.31573363,خودرو
2025-05-06 12:30:18.395746,115.47104407679815,116.20105729117628,112.19897520597299,113.7473463193995,15336660.762857025,خودرو
2025-05-07 12:30:18.395746,113.7473463193995,113.86077221011222,112.41059746018568,113.22235673445293,12377029.56003029,خودرو
2025-05-08 12:30:18.395746,113.22235673445293,116.7909734927301,112.88356391750308,115.90309746769275,22225671.88083449,خودرو
2025-05-09 12:30:18.395746,115.90309746769275,116.97214057179148,113.11284573678742,114.22103139255802,18382722.93198145,خودرو
2025-05-12 12:30:18.395746,114.22103139255802,115.3282677322419,112.66702775694263,114.52735956132655,13020723.980515787,خودرو
2025-05-13 12:30:18.395746,114.52735956132655,115.54253456785565,114.20180481101342,114.83416783961758,15389971.620814228,خودرو
2025-05-14 12:30:18.395746,114.83416783961758,115.48741282684567,113.38425907181832,115.19816411640326,16193787.935881017,خودرو
2025-05-15 12:30:18.395746,115.19816411640326,118.20802876485942,114.96962183589986,117.41800863425695,22395524.704408403,خودرو
2025-05-16 12:30:18.395746,117.41800863425695,117.42834534081929,114.1118839305622,115.79289217148775,21257337.756259996,خودرو
2025-05-19 12:30:18.395746,115.79289217148775,117.31417565180529,112.39548209539767,113.43101366865639,17276374.26037346,خودرو
2025-05-20 12:30:18.395746,113.43101366865639,114.73687543729352,110.69414184291277,112.21526235444203,17806782.5258365,خودرو
2025-05-21 12:30:18.395746,112.21526235444203,113.63525789125434,109.62639524240112,110.31230861838934,14878760.775733672,خودرو
2025-05-22 12:30:18.395746,110.31230861838934,110.89484180212085,110.15846713808207,110.8260559744366,21624005.536240492,خودرو
2025-05-23 12:30:18.395746,110.8260559744366,111.0490966526765,109.59609747831414,110.48596903489961,22143676.351259936,خودرو
2025-05-26 12:30:18.395746,110.48596903489961,111.66786608135102,107.93457087052754,108.09161066361898,16269478.168291066,خودرو
2025-05-27 12:30:18.395746,108.09161066361898,111.28775062543964,107.38852253081045,111.00435152275256,16211831.878851168,خودرو
2025-05-28 12:30:18.395746,111.00435152275256,114.51586669605325,109.50451554839688,113.15825031643203,13491346.36638136,خودرو
2025-05-29 12:30:18.395746,113.15825031643203,114.1359456807312,112.32769084841419,114.0515523956059,23197642.519774284,خودرو
2025-05-30 12:30:18.395746,114.0515523956059,117.21025335302053,112.34921778041003,116.33911869450328,22603441.159391765,خودرو
2025-06-02 12:30:18.395746,116.33911869450328,116.71029401506017,113.46570596501458,114.48162487469537,13589336.225663524,خودرو
2025-06-03 12:30:18.395746,114.48162487469537,114.80917402792136,112.70762115803227,113.71164831151286,12215935.155458229,خودرو
2025-06-04 12:30:18.395746,113.71164831151286,115.24176089402805,111.72527467517129,113.11655233874292,17952530.935794644,خودرو
2025-06-05 12:30:18.395746,113.11655233874292,113.78056994317554,111.72310181778268,112.7324941906406,19372485.082620036,خودرو
2025-06-06 12:30:18.395746,112.7324941906406,113.31196023995425,110.98719283364572,111.45110566002546,22756674.809990246,خودرو
2025-06-09 12:30:18.395746,111.45110566002546,112.16895552858239,109.23367788726632,110.05391568041345,17223694.69307149,خودرو
2025-06-10 12:30:18.395746,110.05391568041345,111.09566062573381,107.61303319041573,107.82060400076593,14411757.184453633,خودرو
2025-06-11 12:30:18.395746,107.82060400076593,108.03547790631194,105.5793914563014,106.88671549296915,13293104.650046613,خودرو
2025-06-12 12:30:18.395746,106.88671549296915,108.81424932677952,106.47550344047967,108.75842455880999,22294032.15595942,خودرو
2025-06-13 12:30:18.395746,108.75842455880999,109.61005391690261,107.82000567807441,109.52747906130591,16836367.516538773,خودرو
2025-06-16 12:30:18.395746,109.52747906130591,111.14532584357583,107.36883962843588,108.55465614771275,17309283.35026896,خودرو
2025-06-17 12:30:18.395746,108.55465614771275,109.2747581255051,107.00402806743791,108.1754536019031,12905850.71763174,خودرو
2025-06-18 12:30:18.395746,108.1754536019031,108.37763825332009,104.64851648530862,105.93231657234904,16070704.062357524,خودرو
2025-06-19 12:30:18.395746,105.93231657234904,107.15967367644288,104.96982145715234,105.04299525133476,19723487.5244094,خودرو
2025-06-20 12:30:18.395746,105.04299525133476,108.44025149639003,104.11281523473632,107.3526174039326,21985036.984903276,خودرو
2025-06-23 12:30:18.395746,107.3526174039326,107.89970027494161,104.35264661435649,105.83266293215154,16673878.795098023,خودرو
2025-06-24 12:30:18.395746,105.83266293215154,107.17648634708254,101.92724773667568,103.35528341627915,14519574.856479695,خودرو
2025-06-25 12:30:18.395746,103.35528341627915,104.45998268459597,102.72300642205022,103.17560695522138,13918081.78187461,خودرو
2025-06-26 12:30:18.395746,103.17560695522138,104.14934178255581,101.67285740563213,102.27658930388174,21669681.03196573,خودرو
2025-06-27 12:30:18.395746,102.27658930388174,105.37542491103383,101.23029034493217,103.95420108793789,21809748.64757413,خودرو
2025-06-30 12:30:18.395746,103.95420108793789,105.84423995782511,102.69664215774372,104.85414231340549,12845836.436156472,خودرو
2025-07-01 12:30:18.395746,104.85414231340549,106.60135179401514,103.39241628390042,105.27693957703836,12950656.953958498,خودرو
2025-07-02 12:30:18.395746,105.27693957703836,106.9251024187591,104.48310065146893,106.49714596568806,12495207.244186694,خودرو
2025-07-03 12:30:18.395746,106.49714596568806,107.60313459463929,102.98374834062352,104.08976364908136,19654935.253251705,خودرو
2025-07-04 12:30:18.395746,104.08976364908136,106.90766311429199,103.80745622471089,105.61698338378106,20024944.828367732,خودرو
2025-07-07 12:30:18.395746,105.61698338378106,107.00935961612926,104.19339047477892,105.06865247108364,17187855.637766555,خودرو
2025-07-08 12:30:18.395746,105.06865247108364,108.32488033491089,103.82325348694276,106.95940034562199,13565336.2811397,خودرو
2025-07-09 12:30:18.395746,106.95940034562199,107.7405427025437,103.28439499722546,103.65140794993388,12761110.830609366,خودرو
2025-07-10 12:30:18.395746,103.65140794993388,105.10057043379676,103.01323176892893,103.62754330519928,23114562.43187677,خودرو
2025-07-11 12:30:18.395746,103.62754330519928,104.3157511818375,99.77935286952572,101.1434974977336,17466362.548873395,خودرو
2025-07-14 12:30:18.395746,101.1434974977336,102.6233340696837,100.23351947626783,101.56862873755294,15874086.013289161,خودرو
2025-07-15 12:30:18.395746,105.99618035713327,108.47866043605538,105.71052403758924,107.56494124904374,32655154.022276547,خودرو
2025-07-16 12:30:18.395746,107.56494124904374,109.41722758405588,107.12982143236988,107.97326102920059,14819128.892620271,خودرو
2025-07-17 12:30:18.395746,107.97326102920059,109.1840884077039,105.11417344760594,106.25311533817309,16610531.564160895,خودرو
2025-07-18 12:30:18.395746,106.25311533817309,109.73751260569072,104.84005538514401,108.27104118415423,17645734.097920872,خودرو
2025-07-21 12:30:18.395746,108.27104118415423,109.8538706771369,106.02691557898034,107.2079656609839,12512723.873127343,خودرو
2025-07-22 12:30:18.395746,107.2079656609839,108.60561786181044,104.24531994884798,105.33836168371121,16807137.778009754,خودرو
2025-07-23 12:30:18.395746,105.33836168371121,105.56999705112578,104.76594707086396,105.38711767706515,17559569.54072238,خودرو
2025-07-24 12:30:18.395746,105.38711767706515,105.87336070974206,102.79041032265776,104.30628800807486,21299937.656860776,خودرو
2025-07-25 12:30:18.395746,109.95447104222775,112.66996766268826,108.52936561642639,111.15330599510092,40605820.06141029,خودرو
2025-07-28 12:30:18.395746,111.15330599510092,113.37172733505699,110.14870868610336,112.79657615723437,17821496.443281453,خودرو
2025-07-29 12:30:18.395746,112.79657615723437,114.3530048495656,111.90832210279183,113.79467841689937,15140114.17889965,خودرو
2025-07-30 12:30:18.395746,113.79467841689937,115.7679905019335,112.63489640553308,114.38866843053805,13123527.194961553,خودرو
2025-07-31 12:30:18.395746,114.38866843053805,116.07966377064726,110.71802179155011,111.53825409563153,15730051.7012803,خودرو
2025-08-01 12:30:18.395746,111.53825409563153,112.45828600645365,110.17192165508594,110.45210935303099,22327162.748294562,خودرو
2025-08-04 12:30:18.395746,110.45210935303099,110.74049125363148,107.4454918748194,107.85976475344285,12835393.740450956,خودرو
2025-08-05 12:30:18.395746,107.85976475344285,109.04241183918674,106.95262991016389,108.10304527335849,12599307.51692178,خودرو
2025-08-06 12:30:18.395746,108.10304527335849,110.49283981705781,108.02874902113814,109.85989936860659,15014601.087009225,خودرو
2025-08-07 12:30:18.395746,109.85989936860659,110.38845524968018,109.00393142607881,109.66053001710878,20163819.89123195,خودرو
2025-08-08 12:30:18.395746,109.66053001710878,110.51972143106033,108.269334183872,110.08801237276651,23292633.821372025,خودرو
2025-08-11 12:30:18.395746,110.08801237276651,111.73530696814802,108.9129818299798,109.16082337504085,12098901.688981427,خودرو
2025-08-12 12:30:18.395746,109.16082337504085,109.42551375055027,107.55601644936621,108.76302805569318,12925353.591246622,خودرو
2025-08-13 12:30:18.395746,108.76302805569318,109.57584078688161,107.93278131477962,109.3342017630726,13740557.588064943,خودرو
2025-08-14 12:30:18.395746,109.3342017630726,110.96160816874865,107.45563156215823,108.55941180104703,22789249.127497815,خودرو
2025-08-15 12:30:18.395746,108.55941180104703,108.90302794842344,107.41701683853826,108.04646983318811,16645276.304144444,خودرو
2025-08-18 12:30:18.395746,108.04646983318811,108.12562634002437,104.90023472270968,106.44202984369082,17133479.321566574,خودرو
2025-08-19 12:30:18.395746,106.44202984369082,108.54535197778527,106.1257416091525,107.90650375932054,15872827.08629497,خودرو
2025-08-20 12:30:18.395746,107.90650375932054,110.51451997985478,107.61699908169557,109.74047767169608,13852658.766863951,خودرو
2025-08-21 12:30:18.395746,109.74047767169608,112.06455345601367,109.0132004872948,110.89869045284108,16106884.035589129,خودرو
2025-08-22 12:30:18.395746,110.89869045284108,112.2697590654087,110.17149082215668,110.2986655068669,15705242.592620995,خودرو
2025-08-25 12:30:18.395746,117.16898723665737,117.83472290266528,114.49651747732986,114.71432742738197,33792874.78664266,خودرو
2025-08-26 12:30:18.395746,114.71432742738197,116.0730343589474,113.11568485586885,113.94119858255198,15978905.797171114,خودرو
2025-08-27 12:30:18.395746,113.94119858255198,116.50012486152171,113.42853761317434,116.23658480568824,14740703.714383818,خودرو
2025-08-28 12:30:18.395746,116.23658480568824,116.46222268452888,114.44690527126227,115.69430684555141,22059378.88106124,خودرو
2025-08-29 12:30:18.395746,115.69430684555141,115.8484807783272,113.58847199452158,114.99451251478588,16320277.791737776,خودرو
2025-09-01 12:30:18.395746,114.99451251478588,116.12509801690318,111.69684600677441,113.22714185561387,17312842.28427848,خودرو
2025-09-02 12:30:18.395746,113.22714185561387,116.01086386496138,111.88288669784991,114.81582761660127,15009621.724714264,خودرو
2025-09-03 12:30:18.395746,114.81582761660127,115.5003993211758,113.5933917464218,115.20258391633092,17941043.33502797,خودرو
2025-09-04 12:30:18.395746,115.20258391633092,116.63780299164519,111.19560945936105,112.164511823957,21515802.662147515,خودرو
2025-09-05 12:30:18.395746,112.164511823957,113.03250333885265,108.31251788808164,109.50991696103931,18360833.388489537,خودرو
2025-09-08 12:30:18.395746,109.50991696103931,110.01903220400246,105.69228740225783,106.84434289810642,12106299.806608757,خودرو
2025-09-09 12:30:18.395746,106.84434289810642,107.10866004203422,104.92226402179043,106.0384284537301,12996795.24162772,خودرو
2025-09-10 12:30:18.395746,106.0384284537301,106.5719532683937,102.25664826715378,103.79448420685189,16427687.858759748,خودرو
2025-09-11 12:30:18.395746,103.79448420685189,106.87511552374835,103.42662251204109,105.98950359063411,17009762.77574614,خودرو
2025-09-12 12:30:18.395746,105.98950359063411,108.25624434660946,105.3571606806277,106.76871291679771,16778831.05933942,خودرو
2025-09-15 12:30:18.395746,106.76871291679771,109.78128566818134,105.52835830246786,108.27098521726789,13375963.505309671,خودرو
2025-09-16 12:30:18.395746,108.27098521726789,111.73594711459646,108.22852458648931,110.83155049302164,13678780.900195658,خودرو
2025-09-17 12:30:18.395746,110.83155049302164,111.23000095876444,109.47277310101337,110.85165315036477,15690936.784325479,خودرو
2025-09-18 12:30:18.395746,110.85165315036477,111.8559069180604,110.04684925798117,111.2775875790418,21794308.28521667,خودرو
2025-09-19 12:30:18.395746,111.2775875790418,114.77261071926958,111.11391228196155,113.31123173727731,21453379.186771188,خودرو
2025-09-22 12:30:18.395746,113.31123173727731,115.01017243274397,111.9009938192071,112.78540146730498,17860736.071238663,خودرو
2025-09-23 12:30:18.395746,112.78540146730498,113.99522575910524,111.4678498993941,112.07130579373388,14424395.587956592,خودرو
2025-09-24 12:30:18.395746,112.07130579373388,114.8292437349021,111.11663407118193,114.01636039446245,14481027.741260635,خودرو
2025-09-25 12:30:18.395746,108.45753171650513,109.75147740868005,108.42084704944952,108.58295839144894,64666744.17096526,خودرو
2025-09-26 12:30:18.395746,108.58295839144894,109.383939468887,104.64403671406515,105.78796992012784,18219324.868470766,خودرو
2025-09-29 12:30:18.395746,105.78796992012784,105.92679460595382,103.74224685216626,104.01326613925147,12780983.922109999,خودرو
2025-09-30 12:30:18.395746,104.01326613925147,106.69047200721779,103.97559093831599,106.03670269740319,13631766.28765416,خودرو
2025-10-01 12:30:18.395746,106.03670269740319,106.98326116762739,102.23094270822797,103.39506953792093,17876088.917861905,خودرو
2025-10-02 12:30:18.395746,103.39506953792093,107.41109408928313,102.20742790855164,106.57376968369898,19951584.058707386,خودرو
2025-10-03 12:30:18.395746,106.57376968369898,107.20097162978313,103.95558330778839,104.35071945624549,21223295.647019006,خودرو
2025-10-06 12:30:18.395746,104.35071945624549,105.14053612754873,103.3982645620861,103.65834646399438,15272420.832855145,خودرو
2025-10-07 12:30:18.395746,103.65834646399438,104.39542148429703,102.5151482659481,104.0480123337512,12461906.506511962,خودرو
2025-10-08 12:30:18.395746,104.0480123337512,106.841065136717,102.66638078001353,105.3529362964679,14995487.538287302,خودرو
2025-10-09 12:30:18.395746,105.3529362964679,107.15094684043352,104.29905339259597,106.37250863429671,18206865.991605848,خودرو
2025-10-10 12:30:18.395746,106.37250863429671,107.69801874942351,104.88530939770328,106.21278151962598,18074187.747699536,خودرو
2025-10-13 12:30:18.395746,106.21278151962598,107.58030922410381,104.26292633036712,105.1651787195885,13177711.252260635,خودرو
2025-10-14 12:30:18.395746,105.1651787195885,105.82910163412642,103.90477189411688,105.51932008320202,14301185.709631579,خودرو
2025-10-15 12:30:18.395746,105.51932008320202,106.52933575071731,102.19142331853126,103.71516389103087,17661491.036713485,خودرو
2025-10-16 12:30:18.395746,103.71516389103087,105.11311922199133,101.76659659935757,103.1780365108542,17572723.830124635,خودرو
2025-10-17 12:30:18.395746,103.1780365108542,103.42978343161244,101.17509722412437,102.25381362102468,20785567.342665028,خودرو
2025-10-20 12:30:18.395746,102.25381362102468,105.38135359239283,101.2110672161103,103.84579783450113,17798250.336815633,خودرو
2025-10-21 12:30:18.395746,103.84579783450113,104.70541056707071,103.30580582330049,104.47760190362001,17844307.015997116,خودرو
2025-10-22 12:30:18.395746,104.47760190362001,104.6795358004495,103.51799582089454,104.1306580433884,16827965.098883037,خودرو
2025-10-23 12:30:18.395746,104.1306580433884,105.40268617631216,100.84213705755563,102.29076977927633,22750932.498356763,خودرو
2025-10-24 12:30:18.395746,102.29076977927633,103.41963702758329,100.98187435078096,102.82388033269685,20348057.83552689,خودرو
2025-10-27 12:30:18.395746,102.82388033269685,103.60202815104005,101.29749980135662,101.53396113164126,15292645.240180563,خودرو
2025-10-28 12:30:18.395746,101.53396113164126,102.61540118000828,101.33044959351915,102.36565386306835,13796941.495074656,خودرو
2025-10-29 12:30:18.395746,102.36565386306835,103.36841039434212,101.10734435481517,103.24311728997549,14789142.547055023,خودرو
2025-10-30 12:30:18.395746,103.24311728997549,104.41765492049613,103.06870420904497,103.42164594919541,21098898.2888653,خودرو
2025-10-31 12:30:18.395746,103.42164594919541,103.9370372051212,101.39094877620585,101.94860680842808,23200912.222543076,خودرو
2025-11-03 12:30:18.395746,101.94860680842808,103.07928636619548,99.80782404088075,101.00885747882333,16959523.032174915,خودرو
2025-11-04 12:30:18.395746,101.00885747882333,104.18793456878832,100.22872981988276,103.4571413845709,13154358.308453808,خودرو
2025-11-05 12:30:18.395746,103.4571413845709,104.18166661051312,101.91751575435008,102.31670782316576,14743456.909753004,خودرو
2025-11-06 12:30:18.395746,102.31670782316576,103.68493382480868,98.49185031242129,99.63347574253638,21451973.402377326,خودرو
2025-11-07 12:30:18.395746,99.63347574253638,102.16481831137642,99.1552473082709,101.44185704339606,16869014.63901302,خودرو
2025-11-10 12:30:18.395746,101.44185704339606,101.72622496150422,98.68792115610401,99.65938312892023,13338145.983717589,خودرو
2025-11-11 12:30:18.395746,99.65938312892023,101.02056887811794,98.74738737836361,100.55319716178346,15143850.129144737,خودرو
2025-11-12 12:30:18.395746,100.55319716178346,101.62868475630539,99.20579368499318,100.76891993272692,13245140.673656363,خودرو
2025-11-13 12:30:18.395746,100.76891993272692,101.65324196716304,100.55275427354205,101.26403061820481,20339491.503998727,خودرو
2025-11-14 12:30:18.395746,101.26403061820481,104.45902384586303,100.27149764932973,103.7759954855078,22555012.30515561,خودرو
2025-11-17 12:30:18.395746,103.7759954855078,104.21580007374048,102.44535122857805,102.6595633105077,14602358.716113195,خودرو
2025-11-18 12:30:18.395746,102.6595633105077,103.1248292488498,98.96749898961467,100.21651828858374,12251750.46635034,خودرو
2025-11-19 12:30:18.395746,100.21651828858374,101.18412267156441,99.38586245534358,99.5824336529001,14156989.900737964,خودرو
2025-11-20 12:30:18.395746,99.5824336529001,101.14134875190676,99.57401701795202,101.01199335461654,20234404.04956765,خودرو
2025-11-21 12:30:18.395746,101.01199335461654,101.13915045867438,99.84914238171478,100.6287443104779,20371730.9162741,خودرو
2025-11-24 12:30:18.395746,100.6287443104779,102.1676584346696,100.49028000233821,100.86253337879249,15546942.09211369,خودرو
2025-11-25 12:30:18.395746,100.86253337879249,101.62593788163328,99.88986067844182,99.95493074615783,17613061.742560558,خودرو
2025-11-26 12:30:18.395746,99.95493074615783,101.20245382833092,98.04258386219874,98.29955484341706,14006818.82908445,خودرو
